CREATE DATABASE  IF NOT EXISTS `nba_fantasy` /*!40100 DEFAULT CHARACTER SET utf8mb4 COLLATE utf8mb4_0900_ai_ci */ /*!80016 DEFAULT ENCRYPTION='N' */;
USE `nba_fantasy`;
-- MySQL dump 10.13  Distrib 8.0.16, for Win64 (x86_64)
--
-- Host: localhost    Database: nba_fantasy
-- ------------------------------------------------------
-- Server version	8.0.16

/*!40101 SET @OLD_CHARACTER_SET_CLIENT=@@CHARACTER_SET_CLIENT */;
/*!40101 SET @OLD_CHARACTER_SET_RESULTS=@@CHARACTER_SET_RESULTS */;
/*!40101 SET @OLD_COLLATION_CONNECTION=@@COLLATION_CONNECTION */;
 SET NAMES utf8 ;
/*!40103 SET @OLD_TIME_ZONE=@@TIME_ZONE */;
/*!40103 SET TIME_ZONE='+00:00' */;
/*!40014 SET @OLD_UNIQUE_CHECKS=@@UNIQUE_CHECKS, UNIQUE_CHECKS=0 */;
/*!40014 SET @OLD_FOREIGN_KEY_CHECKS=@@FOREIGN_KEY_CHECKS, FOREIGN_KEY_CHECKS=0 */;
/*!40101 SET @OLD_SQL_MODE=@@SQL_MODE, SQL_MODE='NO_AUTO_VALUE_ON_ZERO' */;
/*!40111 SET @OLD_SQL_NOTES=@@SQL_NOTES, SQL_NOTES=0 */;

--
-- Table structure for table `player`
--

DROP TABLE IF EXISTS `player`;
/*!40101 SET @saved_cs_client     = @@character_set_client */;
 SET character_set_client = utf8mb4 ;
CREATE TABLE `player` (
  `PLAYER_NAME` varchar(64) NOT NULL,
  `PLAYER_POSITION` varchar(5) NOT NULL,
  `USER_TEAM` varchar(64) DEFAULT NULL,
  PRIMARY KEY (`PLAYER_NAME`),
  KEY `USER_TEAM` (`USER_TEAM`),
  CONSTRAINT `player_ibfk_1` FOREIGN KEY (`USER_TEAM`) REFERENCES `user_team` (`USERNAME`) ON DELETE CASCADE ON UPDATE CASCADE
) ENGINE=InnoDB DEFAULT CHARSET=utf8mb4 COLLATE=utf8mb4_0900_ai_ci;
/*!40101 SET character_set_client = @saved_cs_client */;

--
-- Dumping data for table `player`
--

LOCK TABLES `player` WRITE;
/*!40000 ALTER TABLE `player` DISABLE KEYS */;
INSERT INTO `player` VALUES ('Aaron Gordon','F','nick'),('Aaron Holiday','G','nick'),('Abdel Nader','F',NULL),('Al Horford','F-C',NULL),('Al-Farouq Aminu','F',NULL),('Alan Williams','F-C',NULL),('Alec Burks','G',NULL),('Alex Abrines','G',NULL),('Alex Caruso','G',NULL),('Alex Len','C',NULL),('Alex Poythress','F',NULL),('Alfonzo McKinnie','F',NULL),('Alize Johnson','F',NULL),('Allen Crabbe','G-F',NULL),('Allonzo Trier','G',NULL),('Amile Jefferson','F',NULL),('Amir Johnson','C-F',NULL),('Andre Drummond','C',NULL),('Andre Iguodala','G-F',NULL),('Andre Ingram','G',NULL),('Andrew Bogut','C',NULL),('Andrew Harrison','G',NULL),('Andrew Wiggins','G-F',NULL),('Anfernee Simons','G',NULL),('Angel Delgado','C',NULL),('Ante Zizic','C',NULL),('Anthony Davis','F-C',NULL),('Anthony Tolliver','F',NULL),('Antonio Blakeney','G',NULL),('Aron Baynes','F-C',NULL),('Austin Rivers','G',NULL),('Avery Bradley','G',NULL),('Bam Adebayo','C-F',NULL),('Ben McLemore','G',NULL),('Ben Simmons','G-F',NULL),('Billy Garrett','G',NULL),('Bismack Biyombo','C',NULL),('BJ Johnson','F',NULL),('Blake Griffin','F',NULL),('Boban Marjanovic','C',NULL),('Bobby Portis','F',NULL),('Bogdan Bogdanovic','G',NULL),('Bojan Bogdanovic','F',NULL),('Bonzie Colson','F',NULL),('Brad Wanamaker','G',NULL),('Bradley Beal','G',NULL),('Brandon Goodwin','G',NULL),('Brandon Ingram','F',NULL),('Brandon Knight','G',NULL),('Brandon Sampson','G',NULL),('Brook Lopez','C',NULL),('Bruce Brown','G',NULL),('Bruno Caboclo','F',NULL),('Bryn Forbes','G',NULL),('Buddy Hield','G',NULL),('C.J. Williams','G',NULL),('Caleb Swanigan','F',NULL),('Cameron Payne','G',NULL),('Cameron Reynolds','G',NULL),('Caris LeVert','G',NULL),('Carmelo Anthony','F',NULL),('Cedi Osman','F',NULL),('Chandler Hutchison','F',NULL),('Chandler Parsons','F',NULL),('Channing Frye','F-C',NULL),('Chasson Randle','G',NULL),('Cheick Diallo','F',NULL),('Chimezie Metu','F',NULL),('Chris Boucher','F',NULL),('Chris Chiozza','G',NULL),('Chris Paul','G',NULL),('Christian Wood','F',NULL),('CJ McCollum','G',NULL),('CJ Miles','F-G',NULL),('Clint Capela','C',NULL),('Cody Zeller','F-C',NULL),('Collin Sexton','G',NULL),('Corey Brewer','G-F',NULL),('Cory Joseph','G',NULL),('Courtney Lee','G',NULL),('Cristiano Felicio','F-C',NULL),('D.J. Augustin','G',NULL),('D.J. Wilson','F',NULL),('D\'Angelo Russell','G',NULL),('Dairis Bertans','G',NULL),('Damian Jones','C',NULL),('Damian Lillard','G',NULL),('Damion Lee','G',NULL),('Damyean Dotson','G',NULL),('Daniel Hamilton','G-F',NULL),('Daniel Theis','F',NULL),('Danilo Gallinari','F',NULL),('Danny Green','G-F',NULL),('Dante Cunningham','F',NULL),('Dante Exum','G',NULL),('Danuel House Jr.','F-G',NULL),('Dario Saric','F',NULL),('Darius Miller','F',NULL),('Darren Collison','G',NULL),('Daryl Macon','G',NULL),('David Nwaba','G',NULL),('Davis Bertans','F',NULL),('Davon Reed','G',NULL),('De\'Aaron Fox','G',NULL),('De\'Anthony Melton','G',NULL),('Deandre Ayton','C',NULL),('DeAndre Jordan','C',NULL),('DeAndre\' Bembry','F',NULL),('Delon Wright','G',NULL),('DeMar DeRozan','G',NULL),('DeMarcus Cousins','C',NULL),('DeMarre Carroll','F',NULL),('Demetrius Jackson','G',NULL),('Deng Adel','F',NULL),('Dennis Schroder','G',NULL),('Dennis Smith Jr.','G',NULL),('Deonte Burton','G',NULL),('Derrick Favors','F-C',NULL),('Derrick Jones Jr.','F-G',NULL),('Derrick Rose','G',NULL),('Derrick White','G',NULL),('DeVaughn Akoon-Purcell','G-F',NULL),('Devin Booker','G',NULL),('Devin Harris','G',NULL),('Devin Robinson','F',NULL),('Devonte\' Graham','G',NULL),('Dewayne Dedmon','C',NULL),('Deyonta Davis','C-F',NULL),('Dillon Brooks','G-F',NULL),('Dion Waiters','G',NULL),('Dirk Nowitzki','F',NULL),('DJ Stephens','G-F',NULL),('Domantas Sabonis','F',NULL),('Donatas Motiejunas','F-C',NULL),('Donovan Mitchell','G',NULL),('Donte DiVincenzo','G',NULL),('Donte Grantham','F',NULL),('Dorian Finney-Smith','F',NULL),('Doug McDermott','F',NULL),('Dragan Bender','F',NULL),('Draymond Green','F',NULL),('Drew Eubanks','F',NULL),('Duncan Robinson','F',NULL),('Dusty Hannahs','G',NULL),('Dwayne Bacon','G-F',NULL),('Dwight Howard','C',NULL),('Dwight Powell','F-C',NULL),('Dwyane Wade','G',NULL),('Dzanan Musa','G-F',NULL),('E\'Twaun Moore','G',NULL),('Ed Davis','C',NULL),('Edmond Sumner','G',NULL),('Ekpe Udoh','C-F',NULL),('Elfrid Payton','G',NULL),('Elie Okobo','G',NULL),('Emanuel Terry','F',NULL),('Emmanuel Mudiay','G',NULL),('Enes Kanter','C',NULL),('Eric Bledsoe','G',NULL),('Eric Gordon','G',NULL),('Eric Moreland','F-C',NULL),('Ersan Ilyasova','F',NULL),('Evan Fournier','G-F',NULL),('Evan Turner','G-F',NULL),('Frank Jackson','G',NULL),('Frank Kaminsky','F-C',NULL),('Frank Mason','G',NULL),('Frank Ntilikina','G',NULL),('Fred VanVleet','G',NULL),('Furkan Korkmaz','G-F',NULL),('Garrett Temple','G-F',NULL),('Gary Clark','F',NULL),('Gary Harris','G',NULL),('Gary Payton II','G',NULL),('Gary Trent Jr.','G',NULL),('George Hill','G',NULL),('George King','F',NULL),('Georges Niang','F',NULL),('Gerald Green','G-F',NULL),('Giannis Antetokounmpo','F',NULL),('Glenn Robinson III','G-F',NULL),('Goran Dragic','G',NULL),('Gordon Hayward','F',NULL),('Gorgui Dieng','C',NULL),('Grayson Allen','G',NULL),('Greg Monroe','C',NULL),('Guerschon Yabusele','F',NULL),('Hamidou Diallo','G',NULL),('Harrison Barnes','F',NULL),('Harry Giles III','F-C',NULL),('Hassan Whiteside','C',NULL),('Haywood Highsmith','F',NULL),('Henry Ellenson','F',NULL),('Ian Clark','G',NULL),('Ian Mahinmi','C',NULL),('Ike Anigbogu','C',NULL),('Iman Shumpert','G',NULL),('Isaac Bonga','G',NULL),('Isaac Humphries','C',NULL),('Isaiah Briscoe','G',NULL),('Isaiah Canaan','G',NULL),('Isaiah Hartenstein','F-C',NULL),('Isaiah Hicks','F',NULL),('Isaiah Thomas','G',NULL),('Ish Smith','G',NULL),('Ivan Rabb','F',NULL),('Ivica Zubac','C',NULL),('J.J. Barea','G',NULL),('J.P. Macura','G',NULL),('Jabari Parker','F',NULL),('Jacob Evans','G',NULL),('Jae Crowder','F',NULL),('Jahlil Okafor','C',NULL),('JaKarr Sampson','F',NULL),('Jake Layman','F',NULL),('Jakob Poeltl','C',NULL),('Jalen Brunson','G',NULL),('Jalen Jones','F',NULL),('Jamal Crawford','G',NULL),('Jamal Murray','G',NULL),('James Ennis III','F',NULL),('James Harden','G',NULL),('James Johnson','F',NULL),('James Nunnally','F',NULL),('JaMychal Green','F',NULL),('Jared Dudley','F',NULL),('Jared Terrell','G',NULL),('Jarell Martin','F',NULL),('Jaren Jackson Jr.','F-C',NULL),('Jaron Blossomgame','F',NULL),('Jarred Vanderbilt','F',NULL),('Jarrett Allen','C',NULL),('Jason Smith','F-C',NULL),('JaVale McGee','C',NULL),('Jawun Evans','G',NULL),('Jaylen Adams','G',NULL),('Jaylen Brown','F',NULL),('Jaylen Morris','G',NULL),('Jayson Tatum','F',NULL),('Jeff Green','F',NULL),('Jeff Teague','G',NULL),('Jemerrio Jones','F',NULL),('Jerami Grant','F',NULL),('Jeremy Lamb','G',NULL),('Jeremy Lin','G',NULL),('Jerian Grant','G',NULL),('Jerome Robinson','G',NULL),('Jerryd Bayless','G',NULL),('Jevon Carter','G',NULL),('Jimmer Fredette','G',NULL),('Jimmy Butler','G-F',NULL),('JJ Redick','G',NULL),('Joakim Noah','C',NULL),('Jodie Meeks','G',NULL),('Joe Chealey','G',NULL),('Joe Harris','G-F',NULL),('Joe Ingles','F',NULL),('Joel Embiid','F-C',NULL),('John Collins','F-C',NULL),('John Henson','F',NULL),('John Holland','G',NULL),('John Jenkins','G',NULL),('John Wall','G',NULL),('Johnathan Motley','F',NULL),('Johnathan Williams','F',NULL),('Jon Leuer','F',NULL),('Jonah Bolden','F',NULL),('Jonas Jerebko','F',NULL),('Jonas Valanciunas','C',NULL),('Jonathan Isaac','F',NULL),('Jonathon Simmons','F',NULL),('Jordan Bell','F',NULL),('Jordan Clarkson','G',NULL),('Jordan Loyd','G',NULL),('Jordan McRae','G',NULL),('Jordan Sibert','G',NULL),('Jose Calderon','G',NULL),('Josh Hart','G',NULL),('Josh Jackson','F',NULL),('Josh Okogie','G',NULL),('Josh Richardson','F',NULL),('JR Smith','G-F',NULL),('Jrue Holiday','G',NULL),('Juancho Hernangomez','F',NULL),('Julian Washburn','F-G',NULL),('Julius Randle','F',NULL),('Justin Anderson','G-F',NULL),('Justin Holiday','G',NULL),('Justin Jackson','F',NULL),('Justin Patton','C',NULL),('Justise Winslow','F',NULL),('Jusuf Nurkic','C',NULL),('Kadeem Allen','G',NULL),('Kalin Lucas','G',NULL),('Karl-Anthony Towns','F-C',NULL),('Kawhi Leonard','F',NULL),('Keita Bates-Diop','F',NULL),('Kelly Olynyk','F',NULL),('Kelly Oubre Jr.','F',NULL),('Kemba Walker','G',NULL),('Kenneth Faried','F-C',NULL),('Kenrich Williams','G-F',NULL),('Kent Bazemore','G',NULL),('Kentavious Caldwell-Pope','G',NULL),('Kevin Durant','F',NULL),('Kevin Huerter','G',NULL),('Kevin Knox','F',NULL),('Kevin Love','F-C',NULL),('Kevon Looney','F',NULL),('Khem Birch','C',NULL),('Khris Middleton','F',NULL),('Khyri Thomas','G',NULL),('Klay Thompson','G',NULL),('Kobi Simmons','G',NULL),('Kosta Koufos','C',NULL),('Kostas Antetokounmpo','F',NULL),('Kris Dunn','G',NULL),('Kyle Anderson','F',NULL),('Kyle Korver','G-F',NULL),('Kyle Kuzma','F',NULL),('Kyle Lowry','G',NULL),('Kyle O\'Quinn','C',NULL),('Kyrie Irving','G',NULL),('LaMarcus Aldridge','F',NULL),('Lance Stephenson','G',NULL),('Lance Thomas','F',NULL),('Landry Shamet','G',NULL),('Langston Galloway','G',NULL),('Larry Nance Jr.','F',NULL),('Lauri Markkanen','F',NULL),('LeBron James','F',NULL),('Lonnie Walker IV','G',NULL),('Lonzo Ball','G',NULL),('Lorenzo Brown','G',NULL),('Lou Williams','G',NULL),('Luc Mbah a Moute','F',NULL),('Luka Doncic','G-F',NULL),('Luke Kennard','G',NULL),('Luke Kornet','F-C',NULL),('Luol Deng','F',NULL),('Malachi Richardson','G',NULL),('Malcolm Brogdon','G',NULL),('Malcolm Miller','F',NULL),('Malik Beasley','G',NULL),('Malik Monk','G',NULL),('Marc Gasol','C',NULL),('Marcin Gortat','C',NULL),('Marco Belinelli','G-F',NULL),('Marcus Derrickson','F',NULL),('Marcus Morris','F',NULL),('Marcus Smart','G',NULL),('Mario Hezonja','F',NULL),('Markelle Fultz','G',NULL),('Markieff Morris','F',NULL),('Marquese Chriss','F',NULL),('MarShon Brooks','G',NULL),('Marvin Bagley III','F',NULL),('Marvin Williams','F',NULL),('Mason Plumlee','F-C',NULL),('Matthew Dellavedova','G',NULL),('Maurice Harkless','F',NULL),('Maxi Kleber','F',NULL),('Melvin Frazier Jr.','G-F',NULL),('Meyers Leonard','F-C',NULL),('Michael Beasley','F',NULL),('Michael Carter-Williams','G',NULL),('Michael Kidd-Gilchrist','F',NULL),('Mikal Bridges','F',NULL),('Mike Conley','G',NULL),('Mike Muscala','F-C',NULL),('Mike Scott','F',NULL),('Miles Bridges','F',NULL),('Miles Plumlee','C',NULL),('Milos Teodosic','G',NULL),('Mitchell Creek','F',NULL),('Mitchell Robinson','C',NULL),('Mo Bamba','C',NULL),('Monte Morris','G',NULL),('Montrezl Harrell','F-C',NULL),('Moritz Wagner','C',NULL),('Myles Turner','F-C',NULL),('Naz Mitrou-Long','G',NULL),('Nemanja Bjelica','F',NULL),('Nene','C-F',NULL),('Nerlens Noel','F-C',NULL),('Nick Young','G-F',NULL),('Nicolas Batum','G-F',NULL),('Nik Stauskas','G',NULL),('Nikola Jokic','C',NULL),('Nikola Mirotic','F',NULL),('Nikola Vucevic','C',NULL),('Noah Vonleh','F',NULL),('Norman Powell','F-G',NULL),('OG Anunoby','F',NULL),('Okaro White','F',NULL),('Omari Spellman','F',NULL),('Omri Casspi','F',NULL),('Otto Porter Jr.','F',NULL),('Pascal Siakam','F',NULL),('Pat Connaughton','G',NULL),('Patrick Beverley','G',NULL),('Patrick McCaw','G',NULL),('Patrick Patterson','F',NULL),('Patty Mills','G',NULL),('Pau Gasol','C-F',NULL),('Paul George','F',NULL),('Paul Millsap','F',NULL),('PJ Dozier','G-F',NULL),('PJ Tucker','F',NULL),('Quincy Acy','F',NULL),('Quincy Pondexter','F',NULL),('Quinn Cook','G',NULL),('Rajon Rondo','G',NULL),('Raul Neto','G',NULL),('Rawle Alkins','G',NULL),('Ray Spalding','F',NULL),('Raymond Felton','G',NULL),('Reggie Bullock','F',NULL),('Reggie Jackson','G',NULL),('Richaun Holmes','F-C',NULL),('Ricky Rubio','G',NULL),('RJ Hunter','G',NULL),('Robert Covington','F',NULL),('Robert Williams III','C-F',NULL),('Robin Lopez','C',NULL),('Rodions Kurucs','F',NULL),('Rodney Hood','G',NULL),('Rodney McGruder','G-F',NULL),('Ron Baker','G',NULL),('Rondae Hollis-Jefferson','F',NULL),('Royce O\'Neale','F',NULL),('Rudy Gay','F',NULL),('Rudy Gobert','C',NULL),('Russell Westbrook','G',NULL),('Ryan Anderson','F',NULL),('Ryan Arcidiacono','G',NULL),('Ryan Broekhoff','G-F',NULL),('Salah Mejri','C',NULL),('Sam Dekker','F',NULL),('Scott Machado','G',NULL),('Semi Ojeleye','F',NULL),('Serge Ibaka','F-C',NULL),('Seth Curry','G',NULL),('Shabazz Napier','G',NULL),('Shai Gilgeous-Alexander','G',NULL),('Shake Milton','G',NULL),('Shaquille Harrison','G',NULL),('Shaun Livingston','G',NULL),('Shelvin Mack','G',NULL),('Sindarius Thornwell','G',NULL),('Skal Labissiere','F',NULL),('Solomon Hill','F',NULL),('Spencer Dinwiddie','G',NULL),('Stanley Johnson','F',NULL),('Stephen Curry','G',NULL),('Sterling Brown','G',NULL),('Steven Adams','C',NULL),('Svi Mykhailiuk','F',NULL),('T.J. McConnell','G',NULL),('T.J. Warren','F',NULL),('Tahjere McCall','G',NULL),('Taj Gibson','F',NULL),('Taurean Prince','F',NULL),('Terrance Ferguson','G',NULL),('Terrence Jones','F',NULL),('Terrence Ross','G-F',NULL),('Terry Rozier','G',NULL),('Thabo Sefolosha','F',NULL),('Thaddeus Young','F',NULL),('Theo Pinson','G-F',NULL),('Thomas Bryant','C',NULL),('Thomas Welsh','C',NULL),('Thon Maker','F',NULL),('Tim Frazier','G',NULL),('Tim Hardaway Jr.','G',NULL),('Timothe Luwawu-Cabarrot','G-F',NULL),('TJ Leaf','F',NULL),('Tobias Harris','F',NULL),('Tomas Satoransky','G-F',NULL),('Tony Bradley','C',NULL),('Tony Parker','G',NULL),('Tony Snell','G',NULL),('Torrey Craig','F',NULL),('Trae Young','G',NULL),('Treveon Graham','F',NULL),('Trevon Duval','G',NULL),('Trevor Ariza','F',NULL),('Trey Burke','G',NULL),('Trey Lyles','F',NULL),('Tristan Thompson','F-C',NULL),('Troy Brown Jr.','F',NULL),('Troy Caupain','G',NULL),('Troy Daniels','G',NULL),('Troy Williams','F',NULL),('Tyler Cavanaugh','F',NULL),('Tyler Davis','C',NULL),('Tyler Dorsey','G',NULL),('Tyler Johnson','G',NULL),('Tyler Lydon','F',NULL),('Tyler Ulis','G',NULL),('Tyler Zeller','C',NULL),('Tyreke Evans','G',NULL),('Tyrone Wallace','G',NULL),('Tyson Chandler','C',NULL),('Tyus Jones','G',NULL),('Udonis Haslem','F',NULL),('Victor Oladipo','G',NULL),('Vince Carter','G-F',NULL),('Vincent Edwards','F',NULL),('Wade Baldwin IV','G',NULL),('Walter Lemon Jr.','G',NULL),('Wayne Ellington','G',NULL),('Wayne Selden','G-F',NULL),('Wendell Carter Jr.','F',NULL),('Wes Iwundu','F',NULL),('Wesley Johnson','F-G',NULL),('Wesley Matthews','G-F',NULL),('Will Barton','G',NULL),('Willie Cauley-Stein','C',NULL),('Willy Hernangomez','C',NULL),('Wilson Chandler','F',NULL),('Yante Maten','F',NULL),('Yogi Ferrell','G',NULL),('Yuta Watanabe','G',NULL),('Zach Collins','F-C',NULL),('Zach LaVine','G',NULL),('Zach Lofton','G',NULL),('Zaza Pachulia','C',NULL),('Zhaire Smith','G',NULL),('Zhou Qi','F-C',NULL);
/*!40000 ALTER TABLE `player` ENABLE KEYS */;
UNLOCK TABLES;

--
-- Table structure for table `player_season`
--

DROP TABLE IF EXISTS `player_season`;
/*!40101 SET @saved_cs_client     = @@character_set_client */;
 SET character_set_client = utf8mb4 ;
CREATE TABLE `player_season` (
  `PLAYER_ID` varchar(64) NOT NULL,
  `SEASON_ID` year(4) NOT NULL,
  `TEAM_ID` varchar(3) NOT NULL,
  `AGE` int(11) NOT NULL,
  `GAMES_PLAYED` int(11) DEFAULT '0',
  `MPG` decimal(5,3) DEFAULT '0.000',
  `MINUTES_PERCENTAGE` decimal(5,3) DEFAULT '0.000',
  `USAGE_PERCENTAGE` decimal(5,3) DEFAULT '0.000',
  `TURNOVER_RATIO` decimal(5,3) DEFAULT '0.000',
  `FTA` int(11) DEFAULT '0',
  `FREETHROW_PERCENTAGE` decimal(5,3) DEFAULT '0.000',
  `2PA` int(11) DEFAULT '0',
  `2PT_PERCENTAGE` decimal(5,3) DEFAULT '0.000',
  `3PA` int(11) DEFAULT '0',
  `3PT_PERCENTAGE` decimal(5,3) DEFAULT '0.000',
  `EFG_PERCENTAGE` decimal(5,3) DEFAULT '0.000',
  `TRUE_SHOOTING_PERCENTAGE` decimal(5,3) DEFAULT '0.000',
  `PPG` decimal(5,3) DEFAULT '0.000',
  `RPG` decimal(5,3) DEFAULT '0.000',
  `APG` decimal(5,3) DEFAULT '0.000',
  `SPG` decimal(5,3) DEFAULT '0.000',
  `BPG` decimal(5,3) DEFAULT '0.000',
  `TOPG` decimal(5,3) DEFAULT '0.000',
  `ORTG` decimal(7,3) DEFAULT '0.000',
  `DRTG` decimal(7,3) DEFAULT '0.000',
  PRIMARY KEY (`PLAYER_ID`,`SEASON_ID`,`TEAM_ID`),
  KEY `TEAM_ID` (`TEAM_ID`),
  KEY `player_season_ibfk_3_idx` (`SEASON_ID`),
  CONSTRAINT `player_season_ibfk_1` FOREIGN KEY (`PLAYER_ID`) REFERENCES `player` (`PLAYER_NAME`) ON DELETE RESTRICT ON UPDATE RESTRICT,
  CONSTRAINT `player_season_ibfk_2` FOREIGN KEY (`TEAM_ID`) REFERENCES `team` (`TEAM_ID`) ON DELETE RESTRICT ON UPDATE RESTRICT,
  CONSTRAINT `player_season_ibfk_3` FOREIGN KEY (`SEASON_ID`) REFERENCES `season` (`season_id`) ON DELETE RESTRICT ON UPDATE RESTRICT
) ENGINE=InnoDB DEFAULT CHARSET=utf8mb4 COLLATE=utf8mb4_0900_ai_ci;
/*!40101 SET character_set_client = @saved_cs_client */;

--
-- Dumping data for table `player_season`
--

LOCK TABLES `player_season` WRITE;
/*!40000 ALTER TABLE `player_season` DISABLE KEYS */;
INSERT INTO `player_season` VALUES ('Aaron Gordon',2019,'Orl',24,78,33.800,70.300,21.800,12.300,253,0.731,699,0.499,347,0.349,0.507,0.538,16.000,7.300,3.700,0.730,0.720,2.080,107.300,104.600),('Aaron Holiday',2019,'Ind',23,50,12.900,26.900,21.900,12.300,50,0.820,135,0.459,127,0.339,0.483,0.518,5.900,1.300,1.700,0.400,0.260,0.800,102.500,100.400),('Abdel Nader',2019,'Okc',26,61,11.400,23.700,15.100,10.100,36,0.750,115,0.513,100,0.320,0.498,0.522,4.000,1.900,0.300,0.330,0.200,0.430,101.900,101.200),('Al Horford',2019,'Bos',33,68,29.000,60.400,19.000,11.800,97,0.825,520,0.604,203,0.360,0.586,0.605,13.600,6.700,4.100,0.850,1.260,1.500,122.200,104.700),('Al-Farouq Aminu',2019,'Por',29,81,28.300,58.900,13.700,9.700,173,0.867,313,0.514,280,0.343,0.514,0.568,9.400,7.500,1.300,0.840,0.410,0.890,118.300,105.100),('Alan Williams',2019,'Bro',26,5,5.100,10.600,26.000,6.300,4,0.500,12,0.667,1,0.000,0.615,0.610,3.600,3.800,0.600,0.200,0.000,0.200,128.400,91.500),('Alec Burks',2019,'Cle',28,34,28.800,60.000,19.200,10.700,98,0.806,221,0.412,119,0.378,0.466,0.517,11.600,5.500,2.900,0.740,0.470,1.350,107.300,112.700),('Alec Burks',2019,'Sac',28,13,9.700,20.300,8.600,15.300,5,0.800,14,0.643,6,0.000,0.450,0.495,1.700,1.700,0.800,0.620,0.080,0.310,103.400,107.500),('Alec Burks',2019,'Uta',28,17,15.800,33.000,23.100,10.300,38,0.868,71,0.437,43,0.372,0.482,0.547,8.400,1.600,1.200,0.350,0.240,0.880,106.400,102.400),('Alex Abrines',2019,'Okc',26,31,19.000,39.500,12.200,7.900,13,0.923,30,0.500,127,0.323,0.487,0.507,5.300,1.500,0.600,0.550,0.190,0.450,103.100,103.900),('Alex Caruso',2019,'Lal',25,25,21.200,44.300,19.000,17.300,64,0.797,123,0.431,50,0.480,0.514,0.569,9.200,2.700,3.100,0.960,0.360,1.680,109.600,103.700),('Alex Len',2019,'Atl',26,77,20.100,41.800,22.100,11.500,216,0.648,444,0.554,204,0.363,0.551,0.575,11.100,5.500,1.100,0.350,0.900,1.260,112.800,104.600),('Alex Poythress',2019,'Atl',26,21,14.500,30.200,14.200,12.200,29,0.621,58,0.534,23,0.391,0.549,0.571,5.100,3.600,0.800,0.190,0.480,0.620,116.800,102.800),('Alfonzo McKinnie',2019,'Gol',27,72,13.900,29.000,13.900,9.200,48,0.563,158,0.582,118,0.356,0.562,0.567,4.700,3.400,0.400,0.260,0.210,0.420,116.700,99.800),('Alize Johnson',2019,'Ind',23,14,4.600,9.600,13.200,0.000,8,0.500,14,0.214,2,0.500,0.281,0.333,0.900,1.400,0.100,0.070,0.210,0.000,87.200,97.100),('Allen Crabbe',2019,'Bro',27,43,26.400,54.900,16.400,10.400,56,0.732,113,0.345,259,0.378,0.500,0.521,9.600,3.400,1.100,0.530,0.300,1.070,100.500,104.500),('Allonzo Trier',2019,'Nyk',23,64,22.800,47.500,21.400,15.700,223,0.803,386,0.466,132,0.394,0.498,0.564,10.900,3.100,1.900,0.440,0.220,1.800,104.300,109.900),('Amile Jefferson',2019,'Orl',26,12,5.700,11.900,13.100,4.900,8,0.875,16,0.625,0,0.000,0.625,0.692,2.300,1.800,0.300,0.250,0.250,0.080,147.300,96.000),('Amir Johnson',2019,'Phi',32,51,10.400,21.600,17.400,20.500,41,0.756,117,0.573,40,0.300,0.541,0.574,3.900,2.900,1.200,0.310,0.270,0.880,109.100,92.700),('Andre Drummond',2019,'Det',26,79,33.500,69.800,23.000,12.400,412,0.590,1016,0.547,38,0.132,0.535,0.555,17.300,15.600,1.400,1.730,1.760,2.220,113.100,95.500),('Andre Iguodala',2019,'Gol',35,68,23.200,48.300,10.400,13.600,67,0.582,158,0.652,144,0.333,0.579,0.587,5.700,3.700,3.200,0.900,0.750,0.760,124.400,107.800),('Andrew Bogut',2019,'Gol',34,11,12.200,25.500,14.400,17.700,3,1.000,36,0.500,0,0.000,0.500,0.523,3.500,5.000,1.000,0.270,0.730,0.730,107.800,91.600),('Andrew Harrison',2019,'Cle',24,10,14.400,29.900,17.000,17.800,16,1.000,25,0.360,14,0.214,0.346,0.467,4.300,1.500,1.700,0.400,0.200,1.000,97.000,101.600),('Andrew Harrison',2019,'Mem',24,1,4.500,9.400,19.900,0.000,0,0.000,1,1.000,1,0.000,0.500,0.500,2.000,0.000,0.000,0.000,0.000,0.000,96.800,94.300),('Andrew Harrison',2019,'Nor',24,6,6.300,13.000,16.300,13.400,2,0.500,2,0.500,10,0.200,0.333,0.349,1.500,0.800,1.200,0.000,0.000,0.330,91.200,100.500),('Andrew Wiggins',2019,'Min',24,73,34.800,72.600,24.400,9.400,296,0.699,862,0.441,348,0.339,0.460,0.493,18.100,4.800,2.500,0.970,0.660,1.900,99.800,111.400),('Anfernee Simons',2019,'Por',20,20,7.000,14.600,24.400,13.600,16,0.563,34,0.529,29,0.345,0.524,0.535,3.800,0.700,0.700,0.050,0.000,0.550,102.200,110.300),('Angel Delgado',2019,'Lac',24,2,7.400,15.400,16.800,0.000,2,0.500,5,0.200,0,0.000,0.200,0.255,1.500,2.000,0.000,0.500,0.000,0.000,79.200,98.900),('Ante Zizic',2019,'Cle',22,59,18.300,38.200,18.200,13.800,132,0.705,330,0.555,0,0.000,0.555,0.591,7.800,5.400,0.900,0.220,0.370,1.050,116.200,108.100),('Anthony Davis',2019,'Nor',26,56,33.000,68.800,29.500,8.500,433,0.794,881,0.547,145,0.331,0.540,0.597,25.900,12.000,3.900,1.570,2.410,2.020,122.100,104.500),('Anthony Tolliver',2019,'Min',34,65,16.600,34.600,12.500,11.200,60,0.783,44,0.409,215,0.377,0.539,0.571,5.000,2.700,0.700,0.260,0.320,0.550,109.800,108.200),('Antonio Blakeney',2019,'Chi',23,57,14.500,30.300,24.500,7.500,76,0.658,305,0.426,91,0.396,0.465,0.487,7.300,1.900,0.700,0.210,0.160,0.610,94.600,113.200),('Aron Baynes',2019,'Bos',32,51,16.100,33.500,15.200,13.800,62,0.855,162,0.519,61,0.344,0.518,0.567,5.600,4.700,1.100,0.240,0.670,0.780,118.700,95.400),('Austin Rivers',2019,'Hou',27,47,28.600,59.600,13.900,7.400,49,0.510,157,0.541,221,0.321,0.507,0.511,8.700,1.900,2.300,0.620,0.280,0.680,109.200,106.900),('Austin Rivers',2019,'Was',27,29,23.500,49.100,15.500,14.000,46,0.543,88,0.489,106,0.311,0.477,0.490,7.200,2.400,2.000,0.620,0.340,1.210,95.300,108.300),('Avery Bradley',2019,'Lac',28,49,29.900,62.200,14.200,12.400,25,0.800,248,0.415,172,0.337,0.452,0.464,8.200,2.700,2.000,0.550,0.330,1.240,93.600,108.100),('Avery Bradley',2019,'Mem',28,14,31.600,65.800,23.000,12.700,25,0.920,115,0.513,73,0.384,0.537,0.565,16.100,3.200,4.000,1.000,0.000,2.070,107.100,106.500),('Bam Adebayo',2019,'Mia',22,82,23.300,48.600,15.800,17.100,226,0.735,471,0.588,15,0.200,0.579,0.623,8.900,7.300,2.200,0.880,0.790,1.480,120.000,97.200),('Ben McLemore',2019,'Sac',26,19,8.300,17.300,19.500,6.700,12,0.667,23,0.348,41,0.415,0.523,0.541,3.900,0.900,0.200,0.320,0.160,0.260,105.300,102.000),('Ben Simmons',2019,'Phi',23,79,34.200,71.200,22.100,19.300,428,0.600,954,0.566,6,0.000,0.563,0.582,16.900,8.800,7.700,1.420,0.770,3.470,113.800,103.100),('Billy Garrett',2019,'Nyk',24,4,15.900,33.000,20.700,6.500,4,1.000,19,0.579,8,0.000,0.407,0.452,6.500,0.800,1.800,0.250,0.250,0.500,97.600,115.500),('Bismack Biyombo',2019,'Cha',27,54,14.500,30.200,12.700,14.700,91,0.637,157,0.567,0,0.000,0.567,0.599,4.400,4.600,0.600,0.190,0.760,0.630,122.000,100.500),('BJ Johnson',2019,'Atl',23,6,7.200,15.000,17.700,10.600,2,1.000,10,0.500,6,0.500,0.594,0.622,3.500,1.300,0.000,0.330,0.000,0.330,112.200,110.500),('BJ Johnson',2019,'Sac',23,1,6.100,12.700,13.500,0.000,0,0.000,1,1.000,1,0.000,0.500,0.500,2.000,0.000,0.000,0.000,0.000,0.000,100.700,104.100),('Blake Griffin',2019,'Det',30,75,35.000,72.800,30.200,13.800,550,0.753,819,0.525,522,0.362,0.532,0.581,24.500,7.500,5.400,0.690,0.370,3.370,112.900,104.000),('Boban Marjanovic',2019,'Lac',31,34,11.100,23.000,24.600,16.900,95,0.758,138,0.616,2,0.000,0.607,0.666,7.100,4.500,0.600,0.290,0.500,1.090,123.300,95.900),('Boban Marjanovic',2019,'Phi',31,22,13.900,28.900,21.700,13.900,36,0.722,112,0.634,8,0.500,0.642,0.663,8.200,5.100,1.500,0.230,0.450,1.000,125.000,99.700),('Bobby Portis',2019,'Chi',24,22,24.100,50.200,26.500,9.000,50,0.780,199,0.477,72,0.375,0.500,0.529,14.100,7.200,1.300,0.500,0.360,1.320,105.600,102.900),('Bobby Portis',2019,'Was',24,28,27.400,57.100,23.300,10.600,47,0.809,238,0.458,119,0.403,0.507,0.530,14.300,8.600,1.500,0.860,0.460,1.610,104.600,103.400),('Bogdan Bogdanovic',2019,'Sac',27,70,27.800,58.000,22.300,11.100,162,0.827,491,0.462,372,0.360,0.496,0.530,14.100,3.500,3.800,1.030,0.210,1.670,106.900,108.700),('Bojan Bogdanovic',2019,'Ind',30,81,31.800,66.200,22.400,10.200,305,0.807,664,0.539,386,0.425,0.575,0.614,18.000,4.100,2.000,0.860,0.010,1.670,114.300,106.100),('Bonzie Colson',2019,'Mil',23,8,12.300,25.700,19.500,6.500,9,0.889,18,0.444,21,0.238,0.397,0.454,4.900,3.800,0.400,0.630,0.130,0.380,100.900,102.600),('Brad Wanamaker',2019,'Bos',30,36,9.500,19.800,17.200,13.900,28,0.857,66,0.515,39,0.410,0.552,0.597,3.900,1.100,1.600,0.330,0.060,0.530,118.100,102.400),('Bradley Beal',2019,'Was',26,82,36.900,76.900,28.400,11.000,448,0.808,1012,0.548,596,0.351,0.540,0.581,25.600,5.000,5.500,1.500,0.700,2.720,113.600,110.200),('Brandon Ingram',2019,'Lal',22,52,33.900,70.500,23.200,13.200,289,0.675,634,0.522,94,0.330,0.519,0.555,18.300,5.200,3.000,0.540,0.600,2.500,104.200,106.000),('Brandon Knight',2019,'Cle',27,27,22.900,47.700,17.500,10.100,23,0.783,116,0.448,97,0.371,0.498,0.515,8.500,1.900,2.300,0.700,0.070,0.930,106.100,113.300),('Brandon Knight',2019,'Hou',27,12,9.800,20.500,20.900,8.800,11,0.818,15,0.400,32,0.156,0.287,0.347,3.000,0.800,0.800,0.170,0.000,0.420,78.700,104.900),('Brandon Sampson',2019,'Chi',22,14,15.300,31.900,15.200,16.100,6,0.667,31,0.548,29,0.379,0.558,0.567,5.100,1.100,0.700,0.570,0.210,0.860,98.600,109.000),('Brook Lopez',2019,'Mil',31,81,28.700,59.700,16.700,9.000,133,0.842,273,0.615,512,0.365,0.571,0.598,12.500,4.900,1.200,0.600,2.210,1.020,112.700,100.600),('Bruce Brown',2019,'Det',23,74,19.600,40.800,11.500,11.900,60,0.750,222,0.455,93,0.258,0.435,0.467,4.300,2.500,1.200,0.540,0.490,0.620,100.700,100.400),('Bruno Caboclo',2019,'Mem',24,34,23.500,49.000,15.900,13.300,50,0.840,95,0.505,130,0.369,0.533,0.571,8.300,4.600,1.500,0.410,0.970,1.120,110.300,102.600),('Bryn Forbes',2019,'San',26,82,28.000,58.200,17.400,8.800,78,0.885,379,0.488,413,0.426,0.567,0.585,11.800,2.900,2.100,0.550,0.050,0.980,112.800,108.200),('Buddy Hield',2019,'Sac',25,82,31.900,66.400,25.200,9.200,193,0.886,709,0.487,651,0.427,0.560,0.587,20.700,5.000,2.500,0.710,0.390,1.790,113.500,108.700),('C.J. Williams',2019,'Min',29,15,8.500,17.800,13.300,12.400,1,0.000,19,0.632,16,0.313,0.557,0.550,2.600,0.500,0.800,0.400,0.000,0.330,107.100,104.900),('Caleb Swanigan',2019,'Por',22,18,8.100,16.800,18.400,25.400,7,0.857,39,0.333,5,0.200,0.330,0.372,1.900,2.900,0.400,0.220,0.000,0.890,74.700,94.200),('Caleb Swanigan',2019,'Sac',22,3,11.000,22.900,14.900,16.800,2,0.000,7,0.571,2,0.000,0.444,0.405,2.700,4.000,1.300,0.670,0.330,0.670,96.800,91.700),('Cameron Payne',2019,'Chi',25,31,17.300,36.000,17.400,16.000,25,0.880,109,0.486,59,0.271,0.458,0.492,5.700,1.700,2.700,0.650,0.190,1.100,99.700,108.200),('Cameron Payne',2019,'Cle',25,9,19.600,40.700,18.100,15.100,16,0.688,30,0.600,25,0.360,0.573,0.596,8.200,2.100,2.600,0.890,0.330,1.220,114.500,110.800),('Cameron Reynolds',2019,'Min',24,19,13.700,28.400,14.100,5.700,9,0.889,27,0.444,51,0.412,0.558,0.580,5.000,1.600,0.700,0.320,0.110,0.260,118.000,107.400),('Caris LeVert',2019,'Bro',25,40,26.600,55.400,24.000,11.400,123,0.691,330,0.482,154,0.312,0.477,0.508,13.700,3.800,3.900,1.050,0.350,1.730,105.200,105.400),('Carmelo Anthony',2019,'Hou',35,10,29.400,61.300,20.500,5.800,22,0.682,57,0.491,64,0.328,0.492,0.513,13.400,5.400,0.500,0.400,0.700,0.800,103.700,103.400),('Cedi Osman',2019,'Cle',24,76,32.200,67.000,18.500,11.000,181,0.779,469,0.490,374,0.348,0.504,0.537,13.000,4.700,2.600,0.780,0.140,1.500,106.900,111.900),('Chandler Hutchison',2019,'Chi',23,44,20.300,42.400,12.200,10.000,38,0.605,159,0.516,50,0.280,0.493,0.507,5.200,4.200,0.800,0.520,0.140,0.570,102.100,109.200),('Chandler Parsons',2019,'Mem',30,25,19.800,41.300,20.300,14.200,25,0.880,88,0.443,94,0.309,0.453,0.484,7.500,2.800,1.700,0.760,0.200,1.280,91.300,103.200),('Channing Frye',2019,'Cle',36,36,9.500,19.700,17.500,9.500,14,0.786,38,0.289,79,0.405,0.504,0.524,3.600,1.400,0.600,0.170,0.140,0.360,104.200,106.400),('Chasson Randle',2019,'Was',26,49,15.200,31.600,16.400,15.000,62,0.694,102,0.441,115,0.400,0.525,0.555,5.500,1.100,2.000,0.510,0.060,0.880,107.700,106.900),('Cheick Diallo',2019,'Nor',23,64,14.000,29.200,16.000,14.000,67,0.746,267,0.625,4,0.250,0.622,0.644,6.000,5.200,0.500,0.450,0.520,0.770,119.400,99.200),('Chimezie Metu',2019,'San',22,29,5.000,10.400,24.400,18.600,17,0.765,56,0.339,2,0.000,0.328,0.389,1.800,1.200,0.400,0.210,0.070,0.520,79.600,101.600),('Chris Boucher',2019,'Tor',26,28,5.800,12.100,23.600,7.800,15,0.867,39,0.564,37,0.324,0.526,0.563,3.300,2.000,0.100,0.210,0.860,0.250,112.800,87.300),('Chris Chiozza',2019,'Hou',23,7,4.600,9.700,12.000,11.100,0,0.000,3,0.000,5,0.400,0.375,0.375,0.900,0.600,0.600,0.140,0.140,0.140,97.600,109.400),('Chris Paul',2019,'Hou',34,58,32.000,66.700,22.500,15.700,203,0.862,365,0.479,355,0.358,0.508,0.560,15.600,4.600,8.200,1.970,0.310,2.600,118.500,104.900),('Christian Wood',2019,'Mil',24,13,4.700,9.900,23.600,8.700,15,0.667,20,0.450,5,0.600,0.540,0.585,2.800,1.500,0.200,0.000,0.000,0.230,115.200,102.900),('Christian Wood',2019,'Nor',24,8,23.600,49.200,27.000,11.300,41,0.756,71,0.606,21,0.286,0.565,0.613,16.900,7.900,0.800,0.880,1.250,1.750,113.900,105.000),('CJ McCollum',2019,'Por',28,70,33.900,70.700,25.500,7.400,192,0.828,798,0.506,445,0.375,0.527,0.553,21.000,4.000,3.000,0.790,0.390,1.510,113.400,107.800),('CJ Miles',2019,'Mem',32,13,22.600,47.200,18.200,7.500,14,0.929,39,0.462,66,0.364,0.514,0.544,9.300,2.100,1.100,0.620,0.380,0.690,104.300,108.800),('CJ Miles',2019,'Tor',32,40,14.100,29.300,18.800,8.500,44,0.795,69,0.391,137,0.314,0.444,0.484,5.500,1.700,0.600,0.480,0.230,0.530,97.200,100.700),('Clint Capela',2019,'Hou',25,67,33.600,69.900,18.100,9.900,261,0.636,732,0.648,0,0.000,0.648,0.658,16.600,12.600,1.400,0.660,1.520,1.390,134.300,104.000),('Cody Zeller',2019,'Cha',27,49,25.400,52.800,16.200,13.000,141,0.787,323,0.570,22,0.273,0.559,0.611,10.100,6.800,2.100,0.780,0.860,1.240,123.700,100.300),('Collin Sexton',2019,'Cle',20,82,31.800,66.200,25.200,12.400,255,0.839,910,0.440,296,0.402,0.480,0.520,16.700,2.900,3.000,0.540,0.070,2.270,101.800,114.800),('Corey Brewer',2019,'Phi',33,7,19.900,41.500,18.800,12.800,13,0.692,35,0.457,14,0.286,0.449,0.484,7.600,2.400,1.400,1.710,0.290,1.140,96.000,99.200),('Corey Brewer',2019,'Sac',33,24,14.700,30.600,11.500,11.200,30,0.733,44,0.523,30,0.333,0.514,0.562,4.100,2.500,1.200,0.830,0.210,0.460,121.000,101.100),('Cory Joseph',2019,'Ind',28,82,25.200,52.400,13.700,12.400,43,0.698,377,0.454,171,0.322,0.463,0.474,6.500,3.400,3.900,1.130,0.270,0.980,104.900,103.900),('Courtney Lee',2019,'Dal',34,22,12.200,25.400,15.100,9.600,7,0.714,43,0.488,39,0.282,0.457,0.470,3.600,1.200,1.000,0.590,0.050,0.410,97.500,106.100),('Courtney Lee',2019,'Nyk',34,12,13.400,27.800,15.500,8.600,14,0.643,31,0.516,16,0.313,0.500,0.527,4.700,2.300,1.300,0.670,0.170,0.420,112.700,107.500),('Cristiano Felicio',2019,'Chi',27,60,12.400,25.900,14.300,13.900,73,0.685,175,0.543,4,0.000,0.531,0.568,4.000,3.700,0.600,0.180,0.120,0.570,116.800,106.600),('D.J. Augustin',2019,'Orl',31,81,28.000,58.400,17.200,14.300,209,0.866,366,0.511,311,0.421,0.566,0.616,11.700,2.500,5.300,0.640,0.050,1.580,122.700,108.700),('D.J. Wilson',2019,'Mil',23,48,18.400,38.300,14.400,10.500,47,0.553,124,0.468,127,0.362,0.506,0.515,5.800,4.600,1.100,0.380,0.420,0.670,106.200,98.100),('D\'Angelo Russell',2019,'Bro',23,81,30.200,63.000,31.900,13.600,205,0.780,882,0.482,635,0.369,0.512,0.533,21.100,3.900,7.000,1.220,0.250,3.120,106.800,107.000),('Dairis Bertans',2019,'Nor',30,12,13.900,29.000,12.000,4.100,0,0.000,13,0.154,34,0.294,0.362,0.362,2.800,0.800,0.800,0.080,0.000,0.170,85.600,116.300),('Damian Jones',2019,'Gol',24,24,17.100,35.600,11.100,15.100,37,0.649,74,0.716,0,0.000,0.716,0.720,5.400,3.100,1.200,0.500,1.040,0.670,137.700,98.600),('Damian Lillard',2019,'Por',29,80,35.500,73.900,29.300,10.800,513,0.912,890,0.499,643,0.369,0.522,0.588,25.800,4.600,6.900,1.110,0.410,2.650,121.500,109.100),('Damion Lee',2019,'Gol',26,32,11.700,24.400,16.800,7.400,22,0.864,59,0.492,68,0.397,0.547,0.578,4.900,2.000,0.400,0.410,0.000,0.340,111.900,105.900),('Damyean Dotson',2019,'Nyk',25,73,27.400,57.200,17.300,8.700,98,0.745,356,0.461,342,0.368,0.506,0.526,10.700,3.600,1.800,0.790,0.140,0.970,105.400,110.700),('Daniel Hamilton',2019,'Atl',24,19,10.700,22.400,15.700,20.300,6,0.500,37,0.405,23,0.348,0.450,0.455,3.000,2.500,1.200,0.320,0.050,0.840,90.700,107.700),('Daniel Theis',2019,'Bos',27,66,13.800,28.600,15.800,9.900,76,0.737,199,0.603,67,0.388,0.598,0.624,5.700,3.400,1.000,0.320,0.620,0.500,128.900,93.000),('Danilo Gallinari',2019,'Lac',31,68,30.300,63.100,23.800,8.400,406,0.904,511,0.485,373,0.432,0.554,0.633,19.800,6.100,2.600,0.720,0.340,1.440,125.100,107.600),('Danny Green',2019,'Tor',32,80,27.700,57.700,14.000,10.400,44,0.841,195,0.487,434,0.456,0.623,0.633,10.300,4.000,1.600,0.910,0.660,0.940,119.600,103.700),('Dante Cunningham',2019,'San',32,64,14.500,30.200,8.900,11.700,18,0.778,93,0.484,65,0.462,0.570,0.585,3.000,2.900,0.800,0.410,0.200,0.340,121.800,105.500),('Dante Exum',2019,'Uta',24,42,15.800,32.900,21.200,15.800,86,0.791,177,0.469,62,0.290,0.460,0.520,6.900,1.600,2.600,0.330,0.120,1.240,105.000,100.600),('Danuel House Jr.',2019,'Hou',26,39,25.100,52.300,14.100,11.000,71,0.789,74,0.595,178,0.416,0.615,0.646,9.400,3.600,1.000,0.540,0.280,0.900,123.000,107.100),('Dario Saric',2019,'Min',25,68,23.900,49.800,17.800,10.500,120,0.875,311,0.511,253,0.383,0.540,0.579,10.500,5.400,1.500,0.600,0.120,1.060,116.200,106.900),('Dario Saric',2019,'Phi',25,13,30.500,63.400,18.000,14.700,30,0.900,61,0.443,71,0.296,0.443,0.496,11.100,6.600,2.000,0.310,0.230,1.920,99.000,103.600),('Darius Miller',2019,'Nor',29,69,25.500,53.100,13.400,10.300,71,0.789,120,0.467,364,0.365,0.528,0.550,8.200,1.800,2.100,0.580,0.330,0.860,109.600,109.200),('Darren Collison',2019,'Ind',32,76,28.200,58.700,17.700,14.300,190,0.832,465,0.492,194,0.407,0.527,0.574,11.200,3.000,6.000,1.450,0.120,1.630,118.400,104.300),('Daryl Macon',2019,'Dal',23,8,11.200,23.400,17.300,16.600,7,0.571,16,0.313,11,0.455,0.463,0.482,3.600,1.500,0.900,0.130,0.000,0.750,92.000,105.900),('David Nwaba',2019,'Cle',26,51,19.300,40.200,14.600,8.800,85,0.682,188,0.543,75,0.320,0.525,0.556,6.500,3.200,1.100,0.710,0.330,0.570,114.800,108.000),('Davis Bertans',2019,'San',26,76,21.500,44.700,14.100,8.200,60,0.883,115,0.513,338,0.429,0.610,0.632,8.000,3.500,1.300,0.460,0.430,0.570,121.900,105.400),('Davon Reed',2019,'Ind',24,10,4.700,9.800,12.100,7.700,0,0.000,8,0.375,4,0.500,0.500,0.500,1.200,0.600,0.300,0.100,0.000,0.100,108.200,106.300),('De\'Aaron Fox',2019,'Sac',21,81,31.400,65.500,24.500,15.000,417,0.727,870,0.482,232,0.371,0.497,0.544,17.300,3.800,7.300,1.640,0.560,2.800,109.900,107.100),('De\'Anthony Melton',2019,'Pho',21,50,19.700,41.000,15.000,21.800,28,0.750,161,0.441,95,0.305,0.447,0.466,5.000,2.700,3.200,1.360,0.460,1.500,93.700,106.100),('Deandre Ayton',2019,'Pho',21,71,30.700,64.000,21.200,11.700,189,0.746,866,0.588,4,0.000,0.585,0.608,16.300,10.300,1.800,0.870,0.940,1.770,117.700,106.600),('DeAndre Jordan',2019,'Dal',31,50,31.100,64.800,14.400,21.300,198,0.682,323,0.644,0,0.000,0.644,0.672,11.000,13.700,2.000,0.640,1.060,2.220,121.400,100.000),('DeAndre Jordan',2019,'Nyk',31,19,26.000,54.100,16.800,21.600,66,0.773,123,0.634,0,0.000,0.634,0.681,10.900,11.300,3.000,0.470,1.050,2.210,125.300,103.800),('DeAndre\' Bembry',2019,'Atl',25,82,23.600,49.100,17.200,17.300,136,0.640,444,0.507,173,0.289,0.486,0.508,8.400,4.400,2.500,1.280,0.510,1.730,97.200,106.200),('Delon Wright',2019,'Mem',27,26,30.800,64.300,19.200,11.600,89,0.742,187,0.508,78,0.256,0.472,0.519,12.200,5.500,5.300,1.620,0.580,1.540,111.200,105.100),('Delon Wright',2019,'Tor',27,49,18.300,38.100,17.100,10.400,61,0.869,203,0.478,90,0.333,0.485,0.527,6.900,2.600,2.200,0.940,0.310,0.760,113.200,105.200),('DeMar DeRozan',2019,'San',30,77,34.900,72.700,27.900,11.600,439,0.831,1268,0.492,45,0.156,0.483,0.542,21.200,6.000,6.200,1.120,0.470,2.570,110.000,106.400),('DeMarcus Cousins',2019,'Gol',29,30,25.700,53.500,28.100,14.200,144,0.736,276,0.551,95,0.274,0.515,0.562,16.300,8.200,3.600,1.330,1.470,2.400,108.900,93.900),('DeMarre Carroll',2019,'Bro',33,67,25.400,53.000,18.600,9.700,242,0.760,264,0.458,311,0.341,0.487,0.546,11.100,5.200,1.300,0.450,0.150,1.090,110.200,105.700),('Demetrius Jackson',2019,'Phi',25,6,6.600,13.700,18.800,5.600,4,1.000,9,0.667,6,0.333,0.600,0.656,3.700,0.500,0.800,0.330,0.000,0.170,138.300,104.500),('Deng Adel',2019,'Cle',22,19,10.200,21.300,9.900,13.700,4,1.000,13,0.385,23,0.261,0.389,0.424,1.700,1.000,0.300,0.050,0.210,0.320,85.300,115.700),('Dennis Schroder',2019,'Okc',26,79,29.300,61.000,24.200,12.400,227,0.819,740,0.450,364,0.341,0.470,0.508,15.500,3.600,4.100,0.810,0.150,2.160,103.000,104.000),('Dennis Smith Jr.',2019,'Dal',21,32,28.400,59.100,23.300,20.100,82,0.695,233,0.489,125,0.344,0.499,0.525,12.900,3.000,4.300,1.250,0.340,3.090,96.600,104.400),('Dennis Smith Jr.',2019,'Nyk',21,21,28.600,59.500,27.000,14.200,74,0.568,210,0.462,83,0.289,0.454,0.473,14.700,2.800,5.400,1.290,0.430,2.570,96.600,109.700),('Deonte Burton',2019,'Okc',25,32,7.500,15.600,16.300,9.300,12,0.667,55,0.455,27,0.296,0.451,0.470,2.600,0.900,0.300,0.190,0.250,0.280,94.400,99.300),('Derrick Favors',2019,'Uta',28,76,23.200,48.400,19.400,10.500,228,0.675,541,0.640,78,0.218,0.600,0.624,11.800,7.400,1.200,0.740,1.390,1.110,124.500,98.100),('Derrick Jones Jr.',2019,'Mia',22,60,19.200,40.100,15.600,10.000,122,0.607,234,0.564,91,0.308,0.535,0.557,7.000,4.000,0.600,0.770,0.700,0.700,113.700,100.000),('Derrick Rose',2019,'Min',31,51,27.300,56.900,27.300,9.100,160,0.856,607,0.509,146,0.370,0.518,0.557,18.000,2.700,4.300,0.590,0.240,1.610,113.600,114.700),('Derrick White',2019,'San',25,67,25.800,53.700,17.700,14.000,123,0.772,401,0.529,142,0.338,0.523,0.555,9.900,3.700,3.900,1.000,0.700,1.450,111.200,104.700),('Devin Booker',2019,'Pho',22,64,35.000,73.000,32.900,15.400,454,0.866,841,0.536,414,0.326,0.521,0.584,26.600,4.100,6.800,0.880,0.200,4.130,109.400,111.800),('Devin Harris',2019,'Dal',36,68,15.700,32.800,18.500,12.100,134,0.761,147,0.476,200,0.310,0.470,0.527,6.300,1.600,1.800,0.510,0.240,0.820,106.800,101.300),('Devin Robinson',2019,'Was',24,7,13.500,28.100,18.000,5.000,14,0.643,30,0.633,2,0.000,0.594,0.616,6.700,2.900,0.900,0.570,0.860,0.290,127.900,104.400),('Devonte\' Graham',2019,'Cha',24,46,14.700,30.600,17.000,11.300,46,0.761,95,0.421,121,0.281,0.421,0.459,4.700,1.400,2.600,0.500,0.040,0.650,104.000,109.600),('Dewayne Dedmon',2019,'Atl',30,64,25.100,52.400,16.700,12.700,113,0.814,309,0.570,217,0.382,0.571,0.602,10.800,7.500,1.400,1.080,1.130,1.310,115.400,101.100),('Deyonta Davis',2019,'Atl',22,9,13.200,27.400,10.100,10.200,10,0.600,21,0.714,1,0.000,0.682,0.682,4.000,3.900,0.600,0.330,0.560,0.330,135.400,105.900),('Dillon Brooks',2019,'Mem',23,18,18.300,38.200,20.900,12.300,30,0.733,82,0.415,40,0.375,0.463,0.499,7.500,1.700,0.900,0.560,0.220,1.060,94.200,98.500),('Dion Waiters',2019,'Mia',27,44,25.900,53.900,21.200,11.400,44,0.500,190,0.468,289,0.377,0.527,0.529,12.000,2.700,2.800,0.660,0.200,1.450,102.800,106.700),('Dirk Nowitzki',2019,'Dal',41,51,15.600,32.500,22.500,4.300,50,0.780,171,0.415,205,0.312,0.444,0.469,7.300,3.100,0.700,0.180,0.350,0.350,96.600,102.900),('DJ Stephens',2019,'Mem',28,1,6.700,14.000,20.000,33.300,0,0.000,2,0.500,0,0.000,0.500,0.500,2.000,0.000,0.000,1.000,0.000,1.000,59.700,110.200),('Domantas Sabonis',2019,'Ind',23,74,24.800,51.800,23.500,16.200,291,0.715,685,0.590,17,0.529,0.595,0.628,14.100,9.400,2.900,0.680,0.410,2.160,118.500,92.800),('Donatas Motiejunas',2019,'San',29,3,4.300,8.900,34.000,30.400,2,0.000,6,0.500,0,0.000,0.500,0.436,2.000,1.000,0.300,0.000,0.330,1.000,72.800,66.200),('Donovan Mitchell',2019,'Uta',23,77,33.700,70.300,31.600,11.300,396,0.806,1010,0.468,520,0.362,0.493,0.537,23.800,4.100,4.200,1.380,0.400,2.830,104.600,101.300),('Donte DiVincenzo',2019,'Mil',22,27,15.200,31.700,15.100,12.800,12,0.750,41,0.683,83,0.265,0.492,0.507,4.900,2.400,1.100,0.480,0.220,0.700,102.200,99.900),('Dorian Finney-Smith',2019,'Dal',26,81,24.500,51.100,14.000,11.400,103,0.709,274,0.544,254,0.311,0.507,0.530,7.500,4.800,1.200,0.860,0.460,0.910,109.700,103.500),('Doug McDermott',2019,'Ind',27,77,17.400,36.200,16.300,8.400,79,0.835,217,0.567,206,0.408,0.589,0.616,7.300,1.400,0.900,0.230,0.100,0.550,117.000,105.800),('Dragan Bender',2019,'Pho',21,46,18.000,37.400,13.400,14.400,54,0.593,96,0.688,101,0.218,0.503,0.521,5.000,4.000,1.200,0.390,0.500,0.800,102.800,107.200),('Draymond Green',2019,'Gol',29,66,31.300,65.200,13.100,26.800,91,0.692,257,0.549,165,0.285,0.501,0.526,7.400,7.300,6.900,1.440,1.080,2.560,107.900,101.200),('Drew Eubanks',2019,'San',22,23,4.900,10.300,15.400,20.100,13,0.846,26,0.577,0,0.000,0.577,0.646,1.800,1.500,0.300,0.090,0.220,0.350,114.900,101.400),('Duncan Robinson',2019,'Mia',25,15,10.700,22.300,14.000,7.600,6,0.667,11,0.727,35,0.286,0.500,0.514,3.300,1.300,0.300,0.330,0.000,0.270,102.400,105.500),('Dusty Hannahs',2019,'Mem',26,2,13.000,27.000,23.900,7.200,2,1.000,7,0.429,5,0.000,0.250,0.311,4.000,0.500,2.500,0.500,0.000,0.500,78.300,111.700),('Dwayne Bacon',2019,'Cha',24,43,17.600,36.800,16.800,6.100,46,0.739,170,0.494,87,0.437,0.549,0.570,7.300,2.100,1.100,0.280,0.120,0.420,114.300,107.200),('Dwight Howard',2019,'Was',33,9,25.500,53.100,19.600,15.100,48,0.604,69,0.623,0,0.000,0.623,0.638,12.800,9.200,0.400,0.780,0.440,1.780,116.600,98.600),('Dwight Powell',2019,'Dal',28,77,21.600,45.000,17.100,10.000,254,0.772,358,0.701,127,0.307,0.638,0.683,10.600,5.300,1.500,0.560,0.660,0.860,135.700,100.100),('Dwyane Wade',2019,'Mia',37,72,26.200,54.500,27.900,13.500,233,0.708,698,0.473,261,0.330,0.479,0.510,15.000,4.000,4.200,0.820,0.530,2.310,102.400,105.900),('Dzanan Musa',2019,'Bro',20,9,4.400,9.100,28.700,14.900,2,0.000,12,0.667,10,0.100,0.432,0.415,2.100,0.600,0.200,0.220,0.000,0.440,75.000,109.900),('E\'Twaun Moore',2019,'Nor',30,53,27.600,57.500,17.300,9.600,59,0.763,356,0.506,176,0.432,0.553,0.567,11.900,2.400,1.900,0.750,0.150,1.110,110.100,110.800),('Ed Davis',2019,'Bro',30,81,17.900,37.200,12.700,14.800,162,0.617,300,0.620,2,0.000,0.616,0.632,5.800,8.600,0.800,0.430,0.410,0.800,129.100,91.400),('Edmond Sumner',2019,'Ind',23,23,9.100,19.000,17.600,11.800,24,0.625,37,0.405,27,0.259,0.398,0.443,2.900,1.000,0.400,0.520,0.220,0.430,91.200,97.900),('Ekpe Udoh',2019,'Uta',32,51,6.300,13.100,13.100,13.200,30,0.633,72,0.694,0,0.000,0.694,0.698,2.300,1.800,0.500,0.180,0.610,0.250,136.200,96.100),('Elfrid Payton',2019,'Nor',25,42,29.800,62.000,18.300,20.100,74,0.743,307,0.476,105,0.314,0.475,0.502,10.600,5.300,7.600,1.050,0.400,2.670,105.800,109.600),('Elie Okobo',2019,'Pho',21,53,18.100,37.700,17.000,18.200,47,0.787,158,0.475,132,0.295,0.460,0.489,5.700,1.900,2.400,0.600,0.130,1.300,94.400,108.900),('Emanuel Terry',2019,'Pho',24,2,9.800,20.300,19.600,22.500,2,0.500,6,0.667,0,0.000,0.667,0.654,4.500,3.000,0.500,1.500,0.000,1.000,107.900,88.600),('Emmanuel Mudiay',2019,'Nyk',23,59,27.200,56.700,25.600,14.600,186,0.774,531,0.492,209,0.330,0.493,0.531,14.800,3.300,3.900,0.730,0.320,2.390,102.300,111.500),('Enes Kanter',2019,'Nyk',27,44,25.600,53.400,22.900,13.100,129,0.814,446,0.547,22,0.318,0.544,0.585,14.000,10.500,1.900,0.410,0.410,1.800,117.700,104.500),('Enes Kanter',2019,'Por',27,23,22.200,46.300,23.400,13.700,68,0.735,203,0.596,12,0.250,0.584,0.614,13.100,8.600,1.400,0.610,0.390,1.700,121.800,99.100),('Eric Bledsoe',2019,'Mil',29,78,29.100,60.700,22.900,13.300,236,0.750,595,0.582,377,0.329,0.547,0.577,15.900,4.600,5.500,1.510,0.370,2.120,115.800,101.000),('Eric Gordon',2019,'Hou',30,68,31.700,66.100,22.000,8.200,152,0.783,338,0.497,600,0.360,0.525,0.549,16.200,2.200,1.900,0.600,0.400,1.320,108.200,110.600),('Eric Moreland',2019,'Tor',27,4,9.600,19.900,13.500,41.700,0,0.000,6,0.333,1,1.000,0.500,0.500,1.800,4.300,1.000,0.250,0.250,1.250,86.900,83.500),('Ersan Ilyasova',2019,'Mil',32,67,18.400,38.300,15.700,10.200,74,0.824,221,0.493,160,0.363,0.514,0.548,6.800,4.500,0.800,0.480,0.300,0.700,112.800,94.100),('Evan Fournier',2019,'Orl',26,81,31.500,65.700,22.100,11.900,170,0.806,619,0.509,450,0.340,0.509,0.536,15.100,3.200,3.600,0.890,0.150,1.900,104.200,103.800),('Evan Turner',2019,'Por',30,73,22.000,45.800,15.900,18.900,106,0.708,391,0.494,53,0.208,0.472,0.503,6.800,4.500,3.900,0.450,0.250,1.560,104.500,106.000),('Frank Jackson',2019,'Nor',21,61,19.200,39.900,18.500,8.900,73,0.740,278,0.507,170,0.312,0.492,0.515,8.100,2.200,1.100,0.410,0.030,0.770,102.200,110.200),('Frank Kaminsky',2019,'Cha',26,47,16.100,33.500,22.100,10.600,107,0.738,160,0.550,139,0.360,0.545,0.585,8.600,3.500,1.300,0.260,0.280,0.870,115.500,106.200),('Frank Mason',2019,'Sac',25,38,11.500,23.900,21.800,15.600,57,0.684,105,0.543,64,0.219,0.462,0.502,5.100,1.200,2.200,0.420,0.110,0.950,101.900,108.600),('Frank Ntilikina',2019,'Nyk',21,43,21.000,43.800,16.600,15.900,30,0.767,167,0.371,115,0.287,0.395,0.417,5.700,2.000,2.800,0.700,0.330,1.300,88.100,106.100),('Fred VanVleet',2019,'Tor',25,64,27.500,57.300,17.900,11.100,115,0.843,304,0.441,296,0.378,0.503,0.539,11.000,2.600,4.800,0.890,0.300,1.270,114.200,106.400),('Furkan Korkmaz',2019,'Phi',22,48,14.200,29.500,17.900,8.600,44,0.818,101,0.505,144,0.326,0.496,0.528,5.800,2.300,1.100,0.600,0.040,0.520,107.700,103.200),('Garrett Temple',2019,'Lac',33,26,19.600,40.900,11.100,11.900,31,0.742,51,0.510,54,0.296,0.476,0.518,4.700,2.500,1.400,1.040,0.190,0.620,106.900,100.300),('Garrett Temple',2019,'Mem',33,49,31.200,65.100,13.800,11.400,76,0.750,177,0.520,210,0.352,0.525,0.551,9.400,3.100,1.400,1.020,0.490,1.100,102.900,105.000),('Gary Clark',2019,'Hou',24,51,12.600,26.200,10.900,4.300,7,1.000,13,0.692,138,0.297,0.467,0.480,2.900,2.300,0.400,0.390,0.530,0.140,108.500,106.500),('Gary Harris',2019,'Den',25,57,28.800,59.900,20.000,8.700,144,0.799,394,0.477,242,0.339,0.489,0.527,12.900,2.800,2.200,0.960,0.330,1.180,108.000,107.200),('Gary Payton II',2019,'Was',26,3,5.300,11.000,24.000,11.100,0,0.000,6,0.667,2,0.500,0.688,0.688,3.700,0.700,1.300,1.000,0.330,0.330,135.400,97.700),('Gary Trent Jr.',2019,'Por',20,15,7.400,15.300,21.800,7.000,7,0.429,29,0.379,21,0.238,0.370,0.377,2.700,0.700,0.300,0.070,0.130,0.270,80.500,112.600),('George Hill',2019,'Cle',33,13,26.500,55.200,17.200,14.700,20,0.850,79,0.532,28,0.464,0.575,0.604,10.800,2.100,2.800,0.920,0.080,1.540,115.800,110.900),('George Hill',2019,'Mil',33,47,20.400,42.500,14.400,9.400,65,0.815,144,0.556,125,0.280,0.493,0.534,6.800,2.600,2.100,0.830,0.150,0.660,113.800,102.200),('Georges Niang',2019,'Uta',26,59,8.800,18.200,17.800,10.700,24,0.833,76,0.566,105,0.410,0.594,0.613,4.000,1.500,0.600,0.170,0.100,0.390,114.800,98.400),('Gerald Green',2019,'Hou',33,73,20.200,42.000,19.500,8.200,68,0.838,137,0.547,441,0.354,0.535,0.555,9.200,2.500,0.500,0.450,0.370,0.740,107.600,107.000),('Giannis Antetokounmpo',2019,'Mil',24,72,32.800,68.200,32.300,14.700,686,0.729,1045,0.640,203,0.256,0.599,0.643,27.700,12.500,5.900,1.260,1.530,3.710,121.600,93.900),('Glenn Robinson III',2019,'Det',25,47,13.000,27.000,14.900,8.500,40,0.800,114,0.491,61,0.295,0.474,0.514,4.200,1.500,0.400,0.300,0.170,0.380,105.000,106.300),('Goran Dragic',2019,'Mia',33,36,27.500,57.300,23.700,13.000,101,0.782,269,0.454,163,0.350,0.480,0.518,13.700,3.100,4.800,0.830,0.140,1.970,106.600,104.500),('Gordon Hayward',2019,'Bos',29,72,25.900,53.900,19.000,12.800,187,0.834,404,0.542,231,0.333,0.527,0.575,11.500,4.500,3.400,0.820,0.320,1.460,114.400,106.400),('Gorgui Dieng',2019,'Min',29,76,13.600,28.300,19.600,11.900,106,0.830,321,0.530,56,0.339,0.527,0.572,6.400,4.100,0.900,0.620,0.540,0.750,114.400,99.400),('Grayson Allen',2019,'Uta',24,38,11.000,22.800,24.400,13.900,60,0.750,79,0.443,99,0.323,0.466,0.516,5.600,0.600,0.700,0.130,0.160,0.870,94.800,100.800),('Greg Monroe',2019,'Phi',29,3,17.500,36.500,23.000,3.500,11,0.909,22,0.636,1,1.000,0.674,0.736,13.700,4.300,2.300,0.330,0.000,0.330,154.500,103.300),('Greg Monroe',2019,'Tor',29,38,11.100,23.200,22.400,14.600,61,0.574,157,0.471,4,0.000,0.460,0.487,4.800,4.100,0.400,0.340,0.210,0.840,100.900,93.400),('Guerschon Yabusele',2019,'Bos',23,41,6.100,12.700,17.500,14.800,22,0.682,49,0.531,28,0.321,0.513,0.542,2.300,1.300,0.400,0.200,0.170,0.370,108.400,99.100),('Hamidou Diallo',2019,'Okc',21,51,10.300,21.500,16.600,10.700,59,0.610,141,0.504,24,0.167,0.467,0.497,3.700,1.900,0.300,0.410,0.200,0.450,102.800,96.400),('Harrison Barnes',2019,'Dal',27,49,32.300,67.300,23.700,7.800,198,0.833,406,0.416,311,0.389,0.489,0.538,17.700,4.200,1.300,0.670,0.220,1.390,106.000,109.500),('Harrison Barnes',2019,'Sac',27,28,33.900,70.600,16.300,8.000,80,0.800,179,0.492,130,0.408,0.542,0.580,14.300,5.500,1.900,0.610,0.070,1.070,115.000,111.700),('Harry Giles III',2019,'Sac',21,58,14.100,29.500,23.200,15.800,91,0.637,342,0.512,6,0.000,0.503,0.526,7.000,3.800,1.500,0.530,0.380,1.260,101.800,94.400),('Hassan Whiteside',2019,'Mia',30,72,23.300,48.400,22.600,10.900,243,0.449,665,0.580,16,0.125,0.571,0.563,12.300,11.400,0.800,0.640,1.890,1.330,112.400,93.500),('Haywood Highsmith',2019,'Phi',22,5,8.000,16.600,12.500,8.400,2,0.000,5,0.600,5,0.200,0.450,0.414,1.800,1.000,0.400,0.200,0.000,0.200,83.300,111.300),('Henry Ellenson',2019,'Det',22,2,12.400,25.800,18.900,0.000,2,1.000,6,0.333,4,0.500,0.500,0.551,6.000,4.500,0.500,0.000,0.000,0.000,120.100,100.000),('Henry Ellenson',2019,'Nyk',22,17,13.800,28.700,19.000,8.600,23,0.739,51,0.392,34,0.441,0.500,0.536,6.000,3.400,0.900,0.410,0.120,0.530,107.700,103.300),('Ian Clark',2019,'Nor',28,60,16.200,33.800,19.300,12.700,37,0.892,181,0.470,202,0.327,0.480,0.502,6.700,1.500,1.600,0.370,0.130,0.970,97.900,108.500),('Ian Mahinmi',2019,'Was',32,34,14.600,30.500,13.000,13.700,61,0.689,89,0.494,16,0.188,0.462,0.527,4.100,3.800,0.700,0.740,0.470,0.620,113.600,98.100),('Iman Shumpert',2019,'Hou',29,20,19.100,39.800,12.700,10.700,4,0.500,27,0.481,71,0.296,0.454,0.456,4.600,2.700,1.100,0.550,0.200,0.600,96.200,105.500),('Iman Shumpert',2019,'Sac',29,42,26.200,54.500,15.200,9.400,41,0.829,146,0.404,202,0.366,0.489,0.511,8.900,3.100,2.200,1.120,0.480,0.900,104.800,107.300),('Isaac Bonga',2019,'Lal',19,22,5.500,11.400,15.700,13.200,15,0.600,25,0.200,8,0.000,0.152,0.240,0.900,1.100,0.700,0.410,0.180,0.270,73.200,103.500),('Isaac Humphries',2019,'Atl',21,5,11.300,23.500,15.100,0.000,0,0.000,10,0.300,11,0.273,0.357,0.357,3.000,2.200,0.000,0.200,0.000,0.000,87.100,106.700),('Isaiah Briscoe',2019,'Orl',23,39,14.300,29.900,14.100,17.200,26,0.577,104,0.423,34,0.324,0.438,0.455,3.500,1.900,2.200,0.280,0.050,0.790,96.300,100.100),('Isaiah Canaan',2019,'Mil',28,4,7.600,15.900,11.000,25.000,0,0.000,1,0.000,5,0.400,0.500,0.500,1.500,1.000,0.800,0.000,0.250,0.500,95.300,105.100),('Isaiah Canaan',2019,'Min',28,7,13.600,28.200,15.400,11.500,4,1.000,10,0.400,19,0.368,0.500,0.536,4.700,0.700,2.700,0.290,0.140,0.570,117.200,115.300),('Isaiah Canaan',2019,'Pho',28,19,26.400,55.100,14.300,17.400,20,0.750,57,0.456,72,0.347,0.492,0.515,7.500,2.600,3.300,0.630,0.000,1.530,99.800,112.000),('Isaiah Hartenstein',2019,'Hou',21,28,7.900,16.500,11.800,21.600,14,0.786,35,0.514,6,0.333,0.512,0.562,1.900,1.700,0.500,0.250,0.430,0.460,114.600,87.800),('Isaiah Hicks',2019,'Nyk',25,3,10.800,22.400,14.800,8.900,5,0.800,8,0.500,0,0.000,0.500,0.588,4.000,2.300,0.700,0.330,1.000,0.330,123.700,99.700),('Isaiah Thomas',2019,'Den',30,12,15.100,31.400,30.400,14.000,27,0.630,56,0.393,43,0.279,0.404,0.437,8.100,1.100,1.900,0.500,0.080,1.500,88.400,105.200),('Ish Smith',2019,'Det',31,56,22.300,46.500,19.900,10.500,62,0.758,355,0.454,135,0.326,0.463,0.484,8.900,2.600,3.600,0.520,0.200,1.090,105.500,104.600),('Ivan Rabb',2019,'Mem',22,49,14.700,30.600,17.200,12.600,69,0.710,197,0.574,15,0.200,0.554,0.586,5.800,4.200,1.100,0.350,0.290,0.710,118.300,98.300),('Ivica Zubac',2019,'Lac',22,26,20.100,41.900,20.100,14.800,60,0.733,186,0.538,0,0.000,0.538,0.574,9.400,7.700,1.500,0.380,0.920,1.420,114.000,99.100),('Ivica Zubac',2019,'Lal',22,33,15.600,32.600,20.500,12.900,66,0.864,193,0.580,0,0.000,0.580,0.633,8.500,4.900,0.800,0.150,0.820,1.000,120.700,97.900),('J.J. Barea',2019,'Dal',35,38,19.800,41.200,28.100,14.700,78,0.705,257,0.479,128,0.297,0.468,0.495,10.900,2.500,5.600,0.580,0.000,1.890,105.100,107.200),('J.P. Macura',2019,'Cha',24,2,8.400,17.500,23.100,0.000,0,0.000,5,0.600,4,0.000,0.333,0.333,3.000,1.500,1.000,0.000,0.000,0.000,81.300,116.500),('Jabari Parker',2019,'Chi',24,39,26.700,55.700,25.000,14.100,108,0.731,350,0.523,114,0.325,0.514,0.543,14.300,6.200,2.200,0.620,0.360,2.150,100.600,106.900),('Jabari Parker',2019,'Was',24,25,27.300,56.900,23.900,17.400,76,0.684,204,0.613,81,0.296,0.565,0.587,15.000,7.200,2.700,0.920,0.640,2.680,105.000,106.500),('Jacob Evans',2019,'Gol',22,30,6.800,14.100,13.500,17.100,1,0.000,38,0.368,15,0.267,0.377,0.374,1.300,0.800,0.800,0.170,0.100,0.370,85.100,101.200),('Jae Crowder',2019,'Uta',29,80,27.100,56.400,19.100,8.800,197,0.721,276,0.525,522,0.331,0.507,0.537,11.900,4.800,1.700,0.800,0.390,1.060,107.200,100.900),('Jahlil Okafor',2019,'Nor',23,59,15.800,33.000,19.900,11.500,89,0.663,357,0.591,5,0.200,0.587,0.603,8.200,4.700,0.700,0.250,0.680,0.880,115.100,104.700),('JaKarr Sampson',2019,'Chi',26,4,31.800,66.300,23.100,5.900,21,0.810,40,0.600,14,0.357,0.583,0.633,20.000,8.000,1.000,1.000,0.750,1.000,123.400,108.100),('Jake Layman',2019,'Por',25,71,18.700,38.900,15.900,9.200,71,0.704,243,0.646,181,0.326,0.579,0.594,7.600,3.100,0.700,0.440,0.420,0.650,117.600,105.400),('Jakob Poeltl',2019,'San',23,77,16.500,34.400,13.100,12.700,92,0.533,289,0.647,0,0.000,0.647,0.642,5.500,5.300,1.200,0.380,0.900,0.620,135.600,102.600),('Jalen Brunson',2019,'Dal',23,73,21.800,45.400,19.100,12.500,120,0.725,384,0.523,181,0.348,0.523,0.549,9.300,2.300,3.200,0.510,0.050,1.210,110.400,106.700),('Jalen Jones',2019,'Cle',26,16,13.400,27.900,16.700,9.800,27,0.704,34,0.471,28,0.357,0.500,0.548,5.100,2.100,0.400,0.560,0.130,0.500,111.100,106.200),('Jamal Crawford',2019,'Pho',39,64,18.900,39.400,20.800,16.900,110,0.845,236,0.453,202,0.332,0.474,0.522,7.900,1.300,3.600,0.520,0.190,1.550,102.500,115.800),('Jamal Murray',2019,'Den',22,75,32.600,68.000,24.900,11.100,223,0.848,759,0.476,414,0.367,0.502,0.538,18.200,4.200,4.800,0.890,0.360,2.110,109.800,107.400),('James Ennis III',2019,'Hou',29,40,23.700,49.400,11.900,9.200,58,0.724,91,0.659,120,0.367,0.597,0.622,7.400,2.900,0.700,0.950,0.400,0.600,123.600,103.200),('James Ennis III',2019,'Phi',29,18,15.600,32.500,15.500,10.600,23,0.696,47,0.489,36,0.306,0.476,0.510,5.300,3.600,0.800,0.170,0.440,0.610,108.700,99.800),('James Harden',2019,'Hou',30,78,36.800,76.600,40.500,14.500,858,0.879,881,0.528,1028,0.368,0.541,0.616,36.100,6.600,7.500,2.050,0.730,4.960,118.600,103.500),('James Johnson',2019,'Mia',32,55,21.200,44.100,17.800,15.300,70,0.714,230,0.496,149,0.336,0.499,0.522,7.800,3.200,2.500,0.640,0.490,1.350,102.100,101.400),('James Nunnally',2019,'Hou',29,2,18.800,39.100,15.000,0.000,0,0.000,1,0.000,12,0.250,0.346,0.346,4.500,0.500,1.000,0.000,0.000,0.000,83.700,102.600),('James Nunnally',2019,'Min',29,13,4.900,10.300,15.600,4.200,4,1.000,8,0.500,13,0.385,0.548,0.593,2.100,0.300,0.400,0.080,0.000,0.080,124.400,113.100),('JaMychal Green',2019,'Lac',29,24,19.600,40.900,17.600,11.700,21,0.810,84,0.548,80,0.413,0.582,0.600,8.700,6.600,0.600,0.460,0.330,0.960,113.700,96.200),('JaMychal Green',2019,'Mem',29,41,21.900,45.700,20.400,15.600,80,0.788,216,0.523,96,0.396,0.545,0.580,9.800,6.100,0.900,0.800,0.630,1.560,106.400,95.700),('Jared Dudley',2019,'Bro',34,59,20.700,43.100,10.400,14.200,46,0.696,88,0.545,151,0.351,0.533,0.554,4.900,2.600,1.400,0.610,0.270,0.730,110.200,102.700),('Jared Terrell',2019,'Min',24,14,7.900,16.500,19.200,19.700,6,0.500,21,0.381,17,0.235,0.368,0.381,2.200,0.400,0.900,0.210,0.140,0.710,74.800,104.200),('Jarell Martin',2019,'Orl',25,42,7.800,16.300,15.900,9.200,11,0.818,47,0.489,57,0.351,0.510,0.528,2.700,1.700,0.400,0.070,0.190,0.260,105.600,94.900),('Jaren Jackson Jr.',2019,'Mem',20,58,26.100,54.400,22.800,12.700,197,0.766,448,0.551,142,0.359,0.548,0.590,13.800,4.700,1.100,0.900,1.410,1.690,108.200,96.900),('Jaron Blossomgame',2019,'Cle',26,27,16.300,33.900,12.300,8.900,13,0.769,68,0.544,39,0.256,0.486,0.506,4.200,3.600,0.500,0.260,0.300,0.410,107.800,115.300),('Jarred Vanderbilt',2019,'Den',20,16,4.300,9.000,19.400,25.500,10,0.600,18,0.500,1,0.000,0.474,0.513,1.500,1.400,0.200,0.380,0.060,0.500,90.200,94.100),('Jarrett Allen',2019,'Bro',21,80,26.200,54.600,15.900,13.100,278,0.709,523,0.629,45,0.133,0.595,0.632,10.900,8.400,1.400,0.540,1.500,1.300,123.800,101.500),('Jason Smith',2019,'Mil',33,6,6.800,14.100,19.500,26.500,2,1.000,4,0.250,9,0.333,0.423,0.468,2.200,1.800,0.200,0.330,0.330,0.830,80.000,91.000),('Jason Smith',2019,'Nor',33,2,10.200,21.100,22.000,9.200,2,1.000,2,0.000,7,0.286,0.333,0.405,4.000,2.000,0.500,0.000,0.000,0.500,93.300,104.000),('Jason Smith',2019,'Was',33,12,10.800,22.500,16.100,14.200,12,0.833,27,0.407,10,0.400,0.459,0.520,3.700,3.100,1.000,0.080,0.420,0.580,110.400,100.000),('JaVale McGee',2019,'Lal',31,75,22.300,46.400,20.200,13.200,152,0.632,629,0.634,12,0.083,0.625,0.634,12.000,7.600,0.700,0.640,1.960,1.440,117.900,98.300),('Jawun Evans',2019,'Pho',23,7,9.100,19.000,12.800,31.600,0,0.000,11,0.273,2,0.000,0.231,0.231,0.900,1.700,1.400,0.430,0.000,0.860,60.000,104.300),('Jaylen Adams',2019,'Atl',23,34,12.600,26.200,13.500,19.700,9,0.778,36,0.361,74,0.338,0.459,0.474,3.200,1.800,1.900,0.380,0.150,0.820,99.500,108.100),('Jaylen Brown',2019,'Bos',22,74,25.900,53.900,22.100,10.100,202,0.658,516,0.529,276,0.344,0.525,0.547,13.000,4.200,1.400,0.950,0.430,1.340,104.700,101.900),('Jaylen Morris',2019,'Mil',24,4,7.100,14.800,17.500,8.400,2,0.500,7,0.429,3,0.333,0.450,0.460,2.500,1.300,1.000,0.500,0.000,0.250,99.900,102.100),('Jayson Tatum',2019,'Bos',21,79,31.100,64.700,22.100,9.700,226,0.854,725,0.483,311,0.373,0.506,0.546,15.700,6.000,2.100,1.060,0.730,1.540,107.000,104.200),('Jeff Green',2019,'Was',33,77,27.200,56.700,17.800,11.500,206,0.888,367,0.586,320,0.347,0.555,0.608,12.300,4.000,1.800,0.560,0.520,1.310,115.300,110.800),('Jeff Teague',2019,'Min',31,42,30.100,62.700,19.300,16.700,153,0.804,311,0.453,105,0.333,0.465,0.528,12.100,2.500,8.200,1.050,0.430,2.310,112.400,110.800),('Jemerrio Jones',2019,'Lal',24,6,23.900,49.700,11.300,12.900,2,0.500,23,0.435,10,0.200,0.394,0.398,4.500,8.200,2.200,1.170,1.000,0.830,103.400,102.700),('Jerami Grant',2019,'Okc',25,80,32.700,68.000,15.400,6.800,221,0.710,530,0.555,293,0.392,0.567,0.592,13.600,5.200,1.000,0.760,1.250,0.840,119.500,103.800),('Jeremy Lamb',2019,'Cha',27,79,28.500,59.300,22.500,6.800,260,0.888,648,0.488,330,0.348,0.499,0.553,15.300,5.500,2.200,1.110,0.410,1.010,113.500,107.700),('Jeremy Lin',2019,'Atl',31,51,19.700,41.000,22.600,17.600,168,0.845,254,0.535,132,0.333,0.523,0.594,10.700,2.300,3.500,0.750,0.140,1.920,112.500,109.100),('Jeremy Lin',2019,'Tor',31,23,18.800,39.300,19.800,13.000,42,0.810,100,0.470,55,0.200,0.410,0.464,7.000,2.600,2.200,0.390,0.260,1.130,95.700,100.600),('Jerian Grant',2019,'Orl',27,60,15.600,32.600,13.400,17.700,40,0.650,110,0.473,110,0.364,0.509,0.526,4.200,1.700,2.600,0.730,0.100,0.850,108.400,103.200),('Jerome Robinson',2019,'Lac',22,33,9.700,20.200,16.600,9.500,9,0.667,53,0.491,57,0.316,0.482,0.491,3.400,1.200,0.600,0.330,0.090,0.360,96.500,100.400),('Jerryd Bayless',2019,'Min',31,34,19.300,40.300,17.500,11.700,28,0.571,132,0.402,98,0.296,0.420,0.431,6.100,1.900,3.500,0.530,0.060,0.940,98.600,109.600),('Jevon Carter',2019,'Mem',24,39,14.800,30.800,18.000,14.200,32,0.813,83,0.265,102,0.333,0.395,0.432,4.400,1.700,1.800,0.670,0.260,0.850,90.900,103.200),('Jimmer Fredette',2019,'Pho',30,6,10.800,22.500,24.300,13.600,6,1.000,16,0.500,13,0.000,0.276,0.348,3.700,1.200,1.300,0.500,0.000,0.830,75.100,112.200),('Jimmy Butler',2019,'Min',30,10,36.100,75.300,23.000,7.100,61,0.787,112,0.509,45,0.378,0.525,0.579,21.300,5.200,4.300,2.400,1.000,1.400,121.700,110.400),('Jimmy Butler',2019,'Phi',30,55,33.200,69.100,22.100,8.300,304,0.868,600,0.490,147,0.340,0.494,0.569,18.200,5.300,4.000,1.800,0.530,1.450,120.800,107.400),('JJ Redick',2019,'Phi',35,76,31.300,65.200,21.800,8.000,254,0.894,423,0.501,605,0.397,0.556,0.601,18.000,2.400,2.700,0.420,0.210,1.300,118.200,110.400),('Joakim Noah',2019,'Mem',34,42,16.500,34.400,20.100,16.100,109,0.716,212,0.519,1,0.000,0.516,0.571,7.100,5.700,2.100,0.480,0.740,1.190,113.800,94.200),('Jodie Meeks',2019,'Tor',32,8,13.000,27.100,17.100,4.800,1,1.000,21,0.619,18,0.444,0.641,0.647,6.400,1.500,1.000,0.130,0.130,0.250,127.100,108.600),('Joe Chealey',2019,'Cha',23,1,7.800,16.300,16.600,0.000,0,0.000,3,0.333,0,0.000,0.333,0.333,2.000,0.000,1.000,0.000,0.000,0.000,86.200,107.500),('Joe Harris',2019,'Bro',28,76,30.200,62.900,17.000,13.000,133,0.827,363,0.526,386,0.474,0.621,0.645,13.700,3.900,2.400,0.490,0.220,1.590,119.000,106.200),('Joe Ingles',2019,'Uta',32,82,31.300,65.200,17.500,18.400,123,0.707,319,0.533,483,0.391,0.565,0.581,12.100,4.000,5.700,1.180,0.240,2.350,110.700,102.100),('Joel Embiid',2019,'Phi',25,64,33.700,70.100,33.300,13.300,649,0.804,936,0.535,263,0.300,0.517,0.593,27.500,13.600,3.700,0.720,1.910,3.550,113.700,98.700),('John Collins',2019,'Atl',22,61,30.000,62.400,23.700,11.200,265,0.766,673,0.609,158,0.348,0.593,0.627,19.500,9.800,2.000,0.360,0.640,1.950,122.100,106.400),('John Henson',2019,'Mil',28,14,13.500,28.000,18.500,14.400,10,0.600,36,0.556,31,0.355,0.545,0.553,5.600,5.100,1.000,0.500,0.790,0.860,108.800,95.900),('John Jenkins',2019,'Nyk',28,22,14.500,30.200,16.100,7.500,18,0.833,46,0.435,57,0.351,0.485,0.518,5.200,1.600,1.000,0.000,0.090,0.410,107.400,116.900),('John Wall',2019,'Was',29,32,34.500,71.900,28.800,16.300,175,0.697,382,0.508,169,0.302,0.491,0.528,20.700,3.600,8.700,1.530,0.910,3.810,104.100,111.500),('Johnathan Motley',2019,'Lac',24,22,7.100,14.800,28.800,15.000,40,0.600,70,0.557,3,0.000,0.534,0.563,4.600,2.300,0.500,0.230,0.140,0.730,106.700,94.700),('Johnathan Williams',2019,'Lal',24,24,15.500,32.300,16.400,10.900,48,0.563,108,0.602,2,0.000,0.591,0.599,6.500,4.100,0.500,0.330,0.290,0.670,121.300,96.800),('Jon Leuer',2019,'Det',30,41,9.800,20.400,16.100,15.300,31,0.742,102,0.637,12,0.083,0.583,0.611,3.800,2.400,0.300,0.290,0.100,0.560,112.600,95.400),('Jonah Bolden',2019,'Phi',23,44,14.500,30.200,13.800,17.200,27,0.481,66,0.697,96,0.354,0.599,0.595,4.700,3.800,0.900,0.390,0.890,0.820,111.400,96.200),('Jonas Jerebko',2019,'Gol',32,73,16.700,34.800,15.200,9.900,80,0.800,167,0.563,188,0.367,0.556,0.588,6.300,3.900,1.300,0.370,0.250,0.590,121.100,101.600),('Jonas Valanciunas',2019,'Mem',27,19,27.700,57.800,31.400,13.800,91,0.769,261,0.563,18,0.278,0.554,0.594,19.900,10.700,2.200,0.320,1.580,2.680,109.400,96.500),('Jonas Valanciunas',2019,'Tor',27,30,18.800,39.200,25.900,11.800,94,0.819,228,0.614,30,0.300,0.595,0.641,12.800,7.200,1.000,0.400,0.770,1.330,121.300,92.100),('Jonathan Isaac',2019,'Orl',22,75,26.600,55.500,16.300,10.200,135,0.815,345,0.510,266,0.323,0.499,0.537,9.600,5.500,1.100,0.790,1.290,1.010,107.100,103.700),('Jonathon Simmons',2019,'Orl',30,41,20.600,42.900,19.300,15.000,72,0.778,203,0.419,83,0.229,0.397,0.445,6.900,2.500,2.300,0.410,0.340,1.370,91.500,105.000),('Jonathon Simmons',2019,'Phi',30,15,14.600,30.400,16.600,13.800,25,0.640,43,0.465,21,0.429,0.523,0.553,5.500,1.700,2.200,0.730,0.070,0.800,112.200,103.100),('Jordan Bell',2019,'Gol',24,68,11.600,24.200,13.700,16.700,41,0.610,190,0.521,2,0.000,0.516,0.531,3.300,2.700,1.100,0.260,0.760,0.620,110.000,103.000),('Jordan Clarkson',2019,'Cle',27,81,27.300,57.000,27.600,9.600,192,0.844,735,0.524,445,0.324,0.509,0.539,16.800,3.300,2.400,0.690,0.170,1.670,107.500,116.200),('Jordan Loyd',2019,'Tor',26,12,4.600,9.500,19.500,8.100,11,0.818,10,0.400,8,0.500,0.556,0.635,2.400,0.800,0.500,0.000,0.000,0.170,129.700,103.400),('Jordan McRae',2019,'Was',28,27,12.300,25.700,20.400,9.400,35,0.800,95,0.537,35,0.286,0.508,0.550,5.900,1.500,1.100,0.480,0.220,0.560,108.800,110.100),('Jordan Sibert',2019,'Atl',27,1,4.200,8.800,9.700,0.000,0,0.000,0,0.000,1,1.000,1.500,1.500,3.000,0.000,0.000,0.000,0.000,0.000,300.000,124.500),('Jose Calderon',2019,'Det',38,48,13.200,27.400,10.900,21.900,11,0.818,63,0.492,57,0.246,0.433,0.453,2.400,1.300,2.400,0.330,0.060,0.730,102.700,103.400),('Josh Hart',2019,'Lal',24,67,25.600,53.300,13.500,10.400,80,0.688,190,0.511,274,0.336,0.506,0.526,7.800,3.700,1.400,0.960,0.600,0.870,103.400,104.800),('Josh Jackson',2019,'Pho',22,79,25.200,52.400,23.900,15.600,213,0.671,616,0.445,225,0.324,0.456,0.487,11.500,4.400,2.300,0.920,0.710,2.190,91.800,108.000),('Josh Okogie',2019,'Min',21,74,23.700,49.500,15.400,9.800,162,0.728,293,0.464,215,0.279,0.445,0.492,7.700,2.900,1.200,1.190,0.450,0.850,100.900,106.600),('Josh Richardson',2019,'Mia',26,73,34.800,72.500,20.900,9.100,231,0.861,567,0.457,459,0.357,0.492,0.536,16.600,3.600,4.100,1.080,0.450,1.550,111.600,105.000),('JR Smith',2019,'Cle',34,11,20.200,42.100,18.600,11.700,10,0.800,40,0.375,39,0.308,0.418,0.444,6.700,1.600,1.900,1.000,0.270,1.000,91.300,110.800),('Jrue Holiday',2019,'Nor',29,67,35.800,74.700,25.500,14.200,271,0.768,796,0.539,363,0.325,0.523,0.555,21.200,5.000,7.700,1.640,0.810,3.160,110.900,110.100),('Juancho Hernangomez',2019,'Den',24,70,19.400,40.400,12.200,9.500,86,0.767,132,0.545,181,0.365,0.546,0.581,5.800,3.800,0.800,0.390,0.360,0.530,118.500,105.800),('Julian Washburn',2019,'Mem',27,18,14.100,29.400,10.000,12.300,4,0.750,24,0.458,24,0.208,0.385,0.402,2.200,2.300,0.800,0.720,0.110,0.390,89.200,105.400),('Julius Randle',2019,'Nor',24,73,30.600,63.700,27.800,13.800,487,0.731,893,0.564,195,0.344,0.556,0.601,21.400,8.700,3.100,0.710,0.620,2.850,113.500,103.500),('Justin Anderson',2019,'Atl',25,48,9.700,20.100,17.100,11.800,35,0.743,80,0.500,77,0.312,0.484,0.516,3.700,1.800,0.500,0.460,0.270,0.480,103.100,106.900),('Justin Holiday',2019,'Chi',30,38,34.900,72.600,15.200,10.200,46,0.891,124,0.435,270,0.359,0.506,0.531,11.600,4.400,2.200,1.740,0.580,1.240,103.700,110.000),('Justin Holiday',2019,'Mem',30,44,29.100,60.700,16.300,12.200,60,0.900,188,0.447,195,0.333,0.474,0.509,9.500,3.500,1.400,1.230,0.340,1.300,96.800,106.400),('Justin Jackson',2019,'Dal',24,29,18.300,38.100,17.000,3.300,29,0.724,104,0.577,86,0.372,0.568,0.584,8.200,2.300,1.000,0.310,0.030,0.240,121.800,109.200),('Justin Jackson',2019,'Sac',24,52,20.800,43.400,12.900,6.500,50,0.820,136,0.515,159,0.346,0.517,0.546,6.700,2.800,1.300,0.440,0.250,0.420,114.300,110.500),('Justin Patton',2019,'Phi',22,3,6.900,14.300,16.000,0.000,2,0.500,5,0.400,2,0.000,0.286,0.317,1.700,2.000,1.000,0.670,0.000,0.000,99.600,83.000),('Justise Winslow',2019,'Mia',23,66,29.700,61.900,20.800,14.900,137,0.628,493,0.462,256,0.375,0.497,0.513,12.600,5.400,4.300,1.090,0.290,2.150,102.600,101.500),('Jusuf Nurkic',2019,'Por',25,72,27.400,57.100,24.700,14.600,365,0.773,797,0.523,29,0.103,0.510,0.570,15.600,10.400,3.200,0.970,1.430,2.330,116.500,96.700),('Kadeem Allen',2019,'Nyk',26,19,21.900,45.600,19.600,14.200,54,0.778,104,0.462,36,0.472,0.525,0.577,9.900,2.700,4.000,0.840,0.210,1.420,116.200,105.700),('Kalin Lucas',2019,'Det',30,1,5.600,11.700,14.500,0.000,2,1.000,0,0.000,1,0.000,0.000,0.532,2.000,3.000,1.000,0.000,0.000,0.000,140.700,84.800),('Karl-Anthony Towns',2019,'Min',23,77,33.000,68.900,29.000,13.700,450,0.836,960,0.561,355,0.400,0.572,0.621,24.400,12.400,3.400,0.880,1.620,3.130,118.500,100.600),('Kawhi Leonard',2019,'Tor',28,60,34.000,70.800,30.300,8.400,426,0.854,827,0.542,302,0.371,0.546,0.606,26.600,7.300,3.300,1.770,0.420,2.020,119.800,104.600),('Keita Bates-Diop',2019,'Min',23,30,16.800,35.000,14.100,8.300,28,0.643,90,0.522,52,0.250,0.468,0.489,5.000,2.800,0.600,0.600,0.470,0.470,100.700,110.400),('Kelly Olynyk',2019,'Mia',28,79,22.900,47.800,18.000,15.000,185,0.822,245,0.604,319,0.354,0.563,0.610,10.000,4.700,1.800,0.670,0.460,1.440,113.900,100.100),('Kelly Oubre Jr.',2019,'Pho',23,40,29.500,61.500,24.700,10.900,159,0.761,330,0.533,206,0.325,0.516,0.556,16.900,4.900,1.600,1.450,0.980,1.850,105.200,109.100),('Kelly Oubre Jr.',2019,'Was',23,29,26.000,54.200,20.900,8.100,85,0.800,173,0.526,132,0.311,0.500,0.545,12.900,4.400,0.700,0.930,0.690,1.030,105.600,107.500),('Kemba Walker',2019,'Cha',29,82,34.900,72.700,31.500,10.100,450,0.844,954,0.494,730,0.356,0.511,0.558,25.600,4.400,5.900,1.240,0.410,2.570,112.300,111.300),('Kenneth Faried',2019,'Bro',29,12,9.800,20.400,19.600,10.900,16,0.625,37,0.649,5,0.200,0.607,0.622,5.100,3.700,0.200,0.170,0.330,0.500,120.700,103.300),('Kenneth Faried',2019,'Hou',29,25,24.400,50.900,20.400,9.400,83,0.651,203,0.611,20,0.350,0.603,0.622,12.900,8.300,0.700,0.600,0.760,1.080,127.200,99.900),('Kenrich Williams',2019,'Nor',24,46,23.500,48.900,12.300,11.100,19,0.684,123,0.447,156,0.333,0.477,0.485,6.100,4.800,1.800,0.960,0.410,0.780,105.100,106.400),('Kent Bazemore',2019,'Atl',30,67,24.500,51.100,22.000,13.600,176,0.722,391,0.465,300,0.320,0.472,0.507,11.600,3.900,2.300,1.330,0.630,1.810,98.200,106.300),('Kentavious Caldwell-Pope',2019,'Lal',26,82,24.800,51.700,18.200,7.300,158,0.867,321,0.542,436,0.346,0.529,0.567,11.400,2.900,1.300,0.890,0.160,0.790,112.800,107.700),('Kevin Durant',2019,'Gol',31,78,34.600,72.200,29.000,12.200,506,0.885,995,0.587,388,0.353,0.571,0.631,26.000,6.400,5.900,0.760,1.080,2.870,120.900,107.900),('Kevin Huerter',2019,'Atl',21,75,27.300,56.900,15.700,13.800,56,0.732,304,0.457,354,0.384,0.521,0.532,9.700,3.300,2.900,0.880,0.330,1.450,105.500,111.900),('Kevin Knox',2019,'Nyk',20,75,28.800,59.900,22.400,10.200,226,0.717,551,0.387,364,0.343,0.438,0.475,12.800,4.500,1.100,0.560,0.320,1.530,93.700,109.400),('Kevin Love',2019,'Cle',31,22,27.200,56.600,27.400,11.200,114,0.904,136,0.412,147,0.361,0.479,0.561,17.000,10.900,2.200,0.270,0.270,1.910,112.400,105.900),('Kevon Looney',2019,'Gol',23,80,18.500,38.600,12.800,11.500,105,0.619,338,0.639,10,0.100,0.625,0.634,6.300,5.200,1.500,0.560,0.680,0.640,137.000,98.500),('Khem Birch',2019,'Orl',27,50,12.900,26.800,14.000,9.200,83,0.699,150,0.607,1,0.000,0.603,0.640,4.800,3.800,0.800,0.360,0.600,0.380,135.800,98.900),('Khris Middleton',2019,'Mil',28,77,31.100,64.800,25.100,12.100,258,0.837,674,0.485,474,0.378,0.519,0.558,18.300,6.000,4.300,1.040,0.090,2.260,108.900,100.700),('Khyri Thomas',2019,'Det',23,26,7.500,15.700,17.200,5.100,11,0.636,34,0.353,35,0.286,0.391,0.413,2.300,0.800,0.300,0.270,0.190,0.150,90.900,101.300),('Klay Thompson',2019,'Gol',29,78,34.000,70.800,25.500,7.200,158,0.816,802,0.516,599,0.402,0.554,0.571,21.500,3.800,2.400,1.060,0.600,1.460,109.900,109.300),('Kosta Koufos',2019,'Sac',30,42,11.900,24.900,15.700,14.200,24,0.417,153,0.477,0,0.000,0.477,0.477,3.700,4.200,0.900,0.360,0.430,0.640,102.000,98.200),('Kostas Antetokounmpo',2019,'Dal',21,2,5.300,11.000,23.400,17.400,4,0.500,3,0.000,0,0.000,0.000,0.210,1.000,0.500,0.000,1.000,0.000,0.500,39.100,105.100),('Kris Dunn',2019,'Chi',25,46,30.200,62.900,20.100,16.200,69,0.797,410,0.441,96,0.354,0.458,0.484,11.300,4.100,6.000,1.480,0.460,2.260,98.900,103.200),('Kyle Anderson',2019,'Mem',26,43,29.800,62.100,12.600,16.000,64,0.578,242,0.583,34,0.265,0.560,0.569,8.000,5.900,3.000,1.260,0.860,1.350,110.800,102.300),('Kyle Korver',2019,'Cle',38,16,15.700,32.700,17.400,17.000,16,0.813,22,0.455,54,0.463,0.625,0.650,6.800,1.800,1.100,0.190,0.130,1.060,112.000,112.100),('Kyle Korver',2019,'Uta',38,54,20.000,41.800,18.700,8.900,57,0.825,113,0.469,294,0.384,0.547,0.569,9.100,2.500,1.200,0.410,0.190,0.780,108.700,102.600),('Kyle Kuzma',2019,'Lal',24,70,33.100,68.900,23.800,9.900,250,0.752,665,0.553,422,0.303,0.515,0.546,18.700,5.500,2.500,0.570,0.370,1.890,105.800,106.800),('Kyle Lowry',2019,'Tor',33,65,34.100,70.900,19.600,18.100,194,0.830,286,0.514,453,0.347,0.518,0.562,14.200,4.800,8.700,1.400,0.480,2.800,114.800,103.300),('Kyle O\'Quinn',2019,'Ind',29,45,8.200,17.200,20.800,17.600,21,0.810,124,0.548,12,0.083,0.511,0.537,3.500,2.600,1.200,0.200,0.560,0.690,106.500,87.900),('Kyrie Irving',2019,'Bos',27,67,33.000,68.800,29.600,11.300,245,0.873,807,0.533,434,0.401,0.557,0.592,23.800,5.000,6.900,1.550,0.510,2.570,117.900,104.000),('LaMarcus Aldridge',2019,'San',34,81,33.200,69.100,27.000,8.800,412,0.847,1277,0.528,42,0.238,0.522,0.576,21.300,9.200,2.400,0.540,1.320,1.780,117.800,106.400),('Lance Stephenson',2019,'Lal',29,68,16.500,34.400,20.300,15.500,73,0.685,235,0.472,197,0.371,0.510,0.529,7.200,3.200,2.100,0.600,0.100,1.250,101.200,102.400),('Lance Thomas',2019,'Nyk',31,46,17.000,35.500,12.900,10.100,36,0.750,118,0.475,79,0.278,0.452,0.482,4.500,2.500,0.600,0.370,0.150,0.520,97.500,106.700),('Landry Shamet',2019,'Lac',22,25,27.800,57.800,15.000,7.700,39,0.795,59,0.322,151,0.450,0.576,0.601,10.900,2.200,2.300,0.520,0.080,0.760,120.100,110.100),('Landry Shamet',2019,'Phi',22,54,20.500,42.800,15.000,6.600,54,0.815,102,0.529,245,0.404,0.584,0.606,8.300,1.400,1.100,0.440,0.150,0.480,119.400,105.900),('Langston Galloway',2019,'Det',27,80,21.800,45.500,16.100,3.700,96,0.844,206,0.451,381,0.354,0.503,0.534,8.400,2.100,1.100,0.460,0.100,0.300,115.400,106.500),('Larry Nance Jr.',2019,'Cle',26,67,26.800,55.800,15.500,15.300,134,0.716,381,0.567,98,0.337,0.554,0.583,9.400,8.200,3.200,1.490,0.600,1.450,120.400,104.500),('Lauri Markkanen',2019,'Chi',22,52,32.300,67.400,25.100,8.900,195,0.872,463,0.479,332,0.361,0.506,0.553,18.700,9.100,1.400,0.710,0.630,1.650,107.400,106.900),('LeBron James',2019,'Lal',34,55,35.200,73.400,31.600,13.300,418,0.665,768,0.582,327,0.339,0.560,0.588,27.400,8.400,8.300,1.310,0.600,3.580,114.400,106.200),('Lonnie Walker IV',2019,'San',20,17,6.900,14.400,20.300,7.400,10,0.800,33,0.333,13,0.385,0.402,0.446,2.600,1.000,0.500,0.410,0.120,0.240,92.700,105.500),('Lonzo Ball',2019,'Lal',21,47,30.300,63.100,16.900,17.800,48,0.417,228,0.482,228,0.329,0.488,0.487,9.900,5.300,5.400,1.470,0.400,2.190,100.600,104.300),('Lorenzo Brown',2019,'Tor',29,26,8.200,17.000,17.900,18.100,3,1.000,43,0.395,28,0.214,0.366,0.380,2.100,1.200,1.100,0.460,0.190,0.620,81.800,99.400),('Lou Williams',2019,'Lac',32,75,26.600,55.400,32.500,11.800,484,0.876,847,0.447,292,0.360,0.471,0.554,20.000,3.000,5.300,0.750,0.150,2.410,111.800,112.100),('Luc Mbah a Moute',2019,'Lac',33,4,15.300,31.800,15.400,9.000,5,0.400,12,0.500,6,0.333,0.500,0.495,5.000,1.800,0.500,0.250,0.250,0.500,98.200,103.600),('Luka Doncic',2019,'Dal',20,72,32.200,67.100,30.500,14.900,485,0.713,672,0.503,515,0.326,0.497,0.545,21.200,7.800,6.000,1.080,0.350,3.420,106.900,105.100),('Luke Kennard',2019,'Det',23,63,22.800,47.500,18.100,9.400,61,0.836,251,0.486,269,0.394,0.540,0.560,9.700,2.900,1.800,0.410,0.140,0.900,110.700,106.900),('Luke Kornet',2019,'Nyk',24,46,17.000,35.500,17.900,7.600,46,0.826,90,0.411,193,0.363,0.502,0.531,7.000,2.900,1.200,0.590,0.910,0.540,110.200,111.200),('Luol Deng',2019,'Min',34,22,17.800,37.100,15.800,9.500,35,0.714,74,0.608,44,0.318,0.559,0.588,7.100,3.300,0.800,0.680,0.360,0.640,116.800,109.800),('Malachi Richardson',2019,'Tor',23,22,4.700,9.800,16.300,20.400,5,0.800,4,0.250,25,0.320,0.448,0.481,1.400,0.600,0.000,0.050,0.000,0.360,78.800,100.200),('Malcolm Brogdon',2019,'Mil',26,64,28.600,59.600,20.700,10.200,152,0.928,503,0.545,244,0.426,0.576,0.615,15.600,4.500,3.200,0.720,0.190,1.440,120.900,104.100),('Malcolm Miller',2019,'Tor',26,10,6.700,14.000,18.400,3.500,4,0.750,5,0.200,21,0.476,0.615,0.630,3.500,0.500,0.100,0.100,0.100,0.100,121.800,106.800),('Malik Beasley',2019,'Den',22,81,23.200,48.300,18.700,6.700,66,0.848,333,0.559,405,0.402,0.583,0.598,11.300,2.500,1.200,0.680,0.120,0.680,117.100,107.800),('Malik Monk',2019,'Cha',21,73,17.200,35.900,24.500,11.900,102,0.882,256,0.461,330,0.330,0.480,0.518,8.900,1.900,1.600,0.510,0.260,1.160,99.700,107.800),('Marc Gasol',2019,'Mem',34,53,33.700,70.300,22.200,13.400,201,0.756,462,0.491,221,0.344,0.499,0.541,15.700,8.600,4.700,1.130,1.210,2.250,106.600,101.500),('Marc Gasol',2019,'Tor',34,26,24.900,51.900,16.300,14.600,52,0.769,135,0.474,52,0.442,0.527,0.565,9.100,6.700,3.900,0.920,0.880,1.380,116.500,96.900),('Marcin Gortat',2019,'Lac',35,47,16.000,33.300,14.500,19.400,48,0.729,186,0.532,0,0.000,0.532,0.562,5.000,5.600,1.400,0.130,0.510,1.060,110.800,99.900),('Marco Belinelli',2019,'San',33,79,23.000,47.900,19.800,8.700,124,0.903,295,0.468,395,0.372,0.520,0.557,10.500,2.500,1.700,0.440,0.100,0.900,108.700,108.500),('Marcus Derrickson',2019,'Gol',23,11,6.100,12.700,24.300,7.900,5,0.800,13,0.462,20,0.500,0.636,0.653,4.200,1.200,0.100,0.000,0.090,0.270,124.000,103.700),('Marcus Morris',2019,'Bos',30,75,27.900,58.100,20.900,9.100,173,0.844,455,0.508,389,0.375,0.533,0.568,13.900,6.100,1.500,0.570,0.330,1.230,110.500,102.500),('Marcus Smart',2019,'Bos',25,80,27.500,57.300,14.600,16.500,129,0.806,221,0.511,346,0.364,0.533,0.568,8.900,2.900,4.000,1.790,0.350,1.540,113.000,102.300),('Mario Hezonja',2019,'Nyk',24,58,20.800,43.300,21.300,14.600,114,0.763,312,0.478,152,0.276,0.457,0.497,8.800,4.100,1.500,0.980,0.140,1.520,94.300,105.300),('Markelle Fultz',2019,'Phi',21,19,22.500,46.800,19.300,12.700,37,0.568,141,0.433,14,0.286,0.432,0.452,8.200,3.600,3.100,0.950,0.260,1.320,99.400,100.900),('Markieff Morris',2019,'Okc',30,24,16.100,33.600,18.000,4.100,19,0.737,97,0.423,59,0.339,0.455,0.475,6.500,3.800,0.800,0.460,0.080,0.290,105.800,95.000),('Markieff Morris',2019,'Was',30,34,26.000,54.100,19.500,11.500,73,0.781,184,0.516,144,0.333,0.509,0.543,11.500,5.100,1.800,0.710,0.590,1.380,105.900,103.600),('Marquese Chriss',2019,'Cle',22,27,14.600,30.500,20.700,12.900,38,0.684,89,0.461,57,0.263,0.435,0.470,5.700,4.200,0.600,0.560,0.260,0.890,96.600,99.700),('Marquese Chriss',2019,'Hou',22,16,6.500,13.500,20.600,24.400,7,0.857,19,0.526,15,0.067,0.338,0.391,1.800,1.800,0.400,0.130,0.250,0.750,75.800,95.600),('MarShon Brooks',2019,'Mem',30,29,13.300,27.800,23.600,10.300,33,0.697,115,0.530,54,0.278,0.494,0.518,6.600,1.600,0.900,0.310,0.140,0.720,99.000,106.000),('Marvin Bagley III',2019,'Sac',20,62,25.300,52.700,24.200,10.700,262,0.691,610,0.534,96,0.313,0.525,0.562,14.900,7.600,1.000,0.530,0.950,1.580,111.100,106.400),('Marvin Williams',2019,'Cha',33,75,28.400,59.300,14.900,6.300,86,0.767,270,0.500,382,0.366,0.529,0.548,10.100,5.400,1.200,0.920,0.800,0.610,112.700,107.200),('Mason Plumlee',2019,'Den',29,82,21.100,44.000,16.200,19.400,198,0.561,432,0.602,10,0.200,0.595,0.602,7.800,6.400,3.000,0.790,0.930,1.550,117.300,94.500),('Matthew Dellavedova',2019,'Cle',29,36,19.900,41.400,18.400,18.900,48,0.792,104,0.500,119,0.336,0.502,0.537,7.300,1.900,4.200,0.330,0.060,1.580,107.800,112.100),('Matthew Dellavedova',2019,'Mil',29,12,8.100,16.900,13.700,34.600,4,1.000,8,0.250,11,0.364,0.421,0.482,1.700,0.800,2.400,0.170,0.000,0.920,99.200,101.100),('Maurice Harkless',2019,'Por',26,60,23.600,49.100,13.900,9.700,73,0.671,268,0.582,120,0.275,0.530,0.547,7.700,4.500,1.200,1.120,0.920,0.750,114.400,100.500),('Maxi Kleber',2019,'Dal',27,71,21.200,44.100,13.500,11.400,74,0.784,168,0.583,218,0.353,0.553,0.579,6.800,4.600,1.000,0.510,1.110,0.760,115.700,103.000),('Melvin Frazier Jr.',2019,'Orl',23,10,4.400,9.300,23.300,4.200,4,0.250,15,0.467,6,0.000,0.333,0.330,1.500,0.500,0.100,0.100,0.000,0.100,75.100,100.100),('Meyers Leonard',2019,'Por',27,61,14.400,30.000,14.800,14.000,51,0.843,131,0.626,111,0.450,0.649,0.675,5.900,3.800,1.200,0.210,0.150,0.700,129.200,100.100),('Michael Beasley',2019,'Lal',30,26,10.700,22.200,29.400,13.700,39,0.718,136,0.529,17,0.176,0.500,0.532,7.000,2.300,1.000,0.350,0.380,1.040,98.800,96.900),('Michael Carter-Williams',2019,'Hou',28,16,9.000,18.800,24.700,12.100,26,0.462,42,0.429,19,0.368,0.467,0.476,4.300,0.800,1.300,0.560,0.380,0.630,99.600,94.800),('Michael Carter-Williams',2019,'Orl',28,12,18.900,39.400,16.100,11.900,27,0.741,43,0.419,19,0.158,0.363,0.440,5.400,4.800,4.100,0.920,0.830,0.830,111.500,99.500),('Michael Kidd-Gilchrist',2019,'Cha',26,64,18.400,38.400,15.700,10.000,123,0.772,285,0.498,47,0.340,0.500,0.553,6.700,3.800,1.000,0.500,0.610,0.670,115.800,101.700),('Mikal Bridges',2019,'Pho',23,82,29.500,61.400,12.200,10.200,118,0.805,250,0.548,313,0.335,0.523,0.556,8.300,3.200,2.100,1.550,0.460,0.850,112.100,111.300),('Mike Conley',2019,'Mem',32,70,33.500,69.700,27.300,9.100,406,0.845,694,0.483,426,0.364,0.507,0.569,21.100,3.400,6.400,1.340,0.310,1.860,117.100,108.600),('Mike Muscala',2019,'Lal',28,17,15.600,32.400,14.300,5.500,8,0.875,26,0.577,57,0.368,0.560,0.578,5.900,2.600,0.800,0.240,0.710,0.290,117.200,107.300),('Mike Muscala',2019,'Phi',28,47,22.200,46.200,14.300,12.100,77,0.818,79,0.519,199,0.342,0.514,0.560,7.400,4.300,1.300,0.380,0.570,0.910,112.400,102.800),('Mike Scott',2019,'Lac',31,52,14.400,30.000,14.900,9.900,18,0.667,97,0.412,133,0.391,0.513,0.521,4.800,3.300,0.800,0.330,0.150,0.500,104.600,101.300),('Mike Scott',2019,'Phi',31,27,24.000,50.000,13.800,8.000,15,0.667,71,0.380,119,0.412,0.529,0.537,7.800,3.800,0.800,0.330,0.190,0.630,106.700,103.700),('Miles Bridges',2019,'Cha',21,80,21.200,44.200,15.100,8.600,77,0.753,311,0.553,200,0.325,0.527,0.548,7.500,4.100,1.200,0.680,0.610,0.640,111.500,108.200),('Miles Plumlee',2019,'Atl',31,18,9.600,20.000,16.700,14.000,30,0.533,48,0.667,0,0.000,0.667,0.654,4.400,2.200,0.900,0.330,0.220,0.560,125.400,110.000),('Milos Teodosic',2019,'Lac',32,15,10.000,20.800,18.000,32.800,7,0.571,13,0.538,27,0.370,0.550,0.557,3.200,1.000,2.100,0.200,0.070,1.400,92.700,98.200),('Mitchell Creek',2019,'Bro',27,4,8.900,18.500,15.400,0.000,7,0.714,9,0.556,1,0.000,0.500,0.573,3.800,2.500,1.300,0.250,0.000,0.000,145.400,104.000),('Mitchell Creek',2019,'Min',27,1,11.500,24.000,25.600,14.300,0,0.000,5,0.600,1,0.000,0.500,0.500,6.000,2.000,1.000,1.000,0.000,1.000,96.400,115.100),('Mitchell Robinson',2019,'Nyk',21,66,20.600,42.900,12.100,9.100,135,0.600,291,0.694,0,0.000,0.694,0.692,7.300,6.400,0.600,0.790,2.440,0.530,141.400,97.900),('Mo Bamba',2019,'Orl',21,47,16.300,34.000,17.800,13.700,63,0.587,173,0.555,70,0.300,0.525,0.539,6.200,4.900,0.800,0.280,1.360,0.910,105.700,95.900),('Monte Morris',2019,'Den',24,82,24.000,50.100,17.100,6.600,81,0.802,475,0.531,227,0.414,0.560,0.577,10.400,2.400,3.600,0.890,0.050,0.630,124.200,108.600),('Montrezl Harrell',2019,'Lac',25,82,26.300,54.800,23.500,11.000,414,0.643,871,0.623,17,0.176,0.617,0.636,16.600,6.500,2.000,0.850,1.340,1.610,122.900,101.700),('Moritz Wagner',2019,'Lal',22,43,10.400,21.600,21.700,16.700,53,0.811,94,0.521,77,0.286,0.480,0.533,4.800,2.000,0.600,0.230,0.300,0.910,96.400,100.400),('Myles Turner',2019,'Ind',23,74,28.600,59.700,20.000,10.300,201,0.736,585,0.520,196,0.388,0.535,0.566,13.300,7.200,1.600,0.810,2.690,1.350,110.100,98.900),('Naz Mitrou-Long',2019,'Uta',26,14,6.000,12.500,14.700,27.700,2,1.000,9,0.444,11,0.182,0.350,0.383,1.100,0.400,1.100,0.070,0.070,0.570,81.700,100.000),('Nemanja Bjelica',2019,'Sac',31,77,23.200,48.400,16.500,11.500,92,0.761,336,0.539,257,0.401,0.566,0.585,9.600,5.800,1.900,0.700,0.710,1.060,117.200,102.900),('Nene',2019,'Hou',37,42,13.000,27.100,11.700,7.400,47,0.660,113,0.531,3,0.000,0.517,0.552,3.600,2.900,0.600,0.430,0.360,0.260,122.500,96.500),('Nerlens Noel',2019,'Okc',25,77,13.700,28.600,13.800,13.400,79,0.684,276,0.587,0,0.000,0.587,0.608,4.900,4.200,0.600,0.860,1.250,0.620,122.300,91.800),('Nick Young',2019,'Den',34,4,9.300,19.300,12.700,18.200,0,0.000,1,0.000,8,0.375,0.500,0.500,2.300,0.300,0.500,0.000,0.250,0.500,88.900,106.200),('Nicolas Batum',2019,'Cha',30,75,31.400,65.400,13.200,16.300,89,0.865,265,0.517,298,0.389,0.552,0.580,9.300,5.200,3.300,0.950,0.570,1.560,112.600,109.400),('Nik Stauskas',2019,'Cle',26,24,14.300,29.700,16.900,8.300,28,0.893,46,0.283,63,0.429,0.491,0.544,5.500,2.000,0.800,0.290,0.130,0.460,112.000,115.200),('Nik Stauskas',2019,'Por',26,44,15.300,31.900,17.900,14.000,36,0.889,104,0.510,125,0.344,0.513,0.545,6.100,1.800,1.400,0.320,0.090,0.910,106.300,110.500),('Nikola Jokic',2019,'Den',24,80,31.300,65.200,27.400,15.400,352,0.821,936,0.569,270,0.307,0.545,0.589,20.100,10.800,7.300,1.350,0.690,3.100,119.200,99.000),('Nikola Mirotic',2019,'Mil',28,14,22.900,47.700,20.400,7.000,23,0.870,48,0.521,87,0.356,0.530,0.562,11.600,5.400,1.400,0.710,0.640,0.790,113.700,100.900),('Nikola Mirotic',2019,'Nor',28,32,28.900,60.200,21.700,7.600,101,0.842,176,0.551,231,0.368,0.552,0.591,16.700,8.300,1.100,0.660,0.780,1.160,116.300,104.700),('Nikola Vucevic',2019,'Orl',28,80,31.400,65.400,28.000,9.900,227,0.789,1123,0.549,231,0.364,0.549,0.573,20.800,12.000,3.800,1.010,1.140,1.990,115.400,101.000),('Noah Vonleh',2019,'Nyk',24,68,25.300,52.700,14.800,14.700,156,0.712,303,0.531,137,0.336,0.523,0.561,8.400,7.800,1.900,0.660,0.750,1.290,111.700,103.500),('Norman Powell',2019,'Tor',26,60,18.800,39.100,19.000,13.100,75,0.827,230,0.543,170,0.400,0.568,0.596,8.600,2.300,1.500,0.650,0.220,1.080,110.200,103.000),('OG Anunoby',2019,'Tor',22,67,20.200,42.000,15.500,11.300,62,0.581,202,0.574,202,0.332,0.536,0.544,7.000,2.900,0.700,0.690,0.330,0.820,104.700,101.300),('Omari Spellman',2019,'Atl',22,46,17.500,36.400,14.900,10.500,45,0.711,116,0.466,128,0.344,0.492,0.516,5.900,4.200,1.000,0.540,0.570,0.670,110.400,109.400),('Omri Casspi',2019,'Mem',31,36,14.500,30.100,18.000,11.000,58,0.672,118,0.602,43,0.349,0.581,0.606,6.300,3.200,0.700,0.560,0.250,0.640,113.100,104.000),('Otto Porter Jr.',2019,'Chi',26,15,32.800,68.400,21.300,10.400,32,0.906,121,0.479,80,0.488,0.580,0.609,17.500,5.500,2.700,1.200,0.600,1.670,115.200,110.100),('Otto Porter Jr.',2019,'Was',26,41,29.100,60.500,18.200,7.800,64,0.766,266,0.515,176,0.369,0.531,0.551,12.600,5.700,2.000,1.540,0.540,0.980,110.100,108.800),('Pascal Siakam',2019,'Tor',25,80,31.800,66.300,20.800,12.400,302,0.785,731,0.602,214,0.369,0.591,0.628,16.900,6.900,3.100,0.930,0.640,1.910,120.700,100.600),('Pat Connaughton',2019,'Mil',26,61,20.700,43.100,13.300,8.200,40,0.725,150,0.647,200,0.330,0.560,0.573,6.900,4.200,2.000,0.540,0.430,0.540,122.200,102.200),('Patrick Beverley',2019,'Lac',31,78,27.400,57.100,12.100,14.000,123,0.780,194,0.423,281,0.399,0.526,0.563,7.600,4.900,3.900,0.860,0.550,1.100,119.000,101.700),('Patrick McCaw',2019,'Cle',23,3,17.600,36.700,9.900,25.000,0,0.000,5,0.200,4,0.250,0.278,0.278,1.700,1.000,0.700,0.670,0.000,1.000,51.900,119.700),('Patrick McCaw',2019,'Tor',23,26,13.200,27.600,9.300,18.800,15,0.867,30,0.533,24,0.333,0.519,0.569,2.700,1.700,1.000,0.810,0.120,0.540,110.200,99.000),('Patrick Patterson',2019,'Okc',30,63,13.700,28.500,12.000,8.700,30,0.633,82,0.439,137,0.336,0.479,0.493,3.600,2.300,0.500,0.250,0.210,0.350,105.700,107.100),('Patty Mills',2019,'San',31,82,23.300,48.500,18.500,11.700,105,0.848,259,0.475,404,0.394,0.545,0.572,9.900,2.200,3.000,0.600,0.120,1.150,112.500,108.400),('Pau Gasol',2019,'Mil',39,3,10.100,21.100,12.200,22.500,2,0.500,3,0.000,3,0.333,0.250,0.291,1.300,3.300,0.700,0.000,0.330,0.670,59.000,102.700),('Pau Gasol',2019,'San',39,27,12.200,25.500,15.800,11.800,38,0.711,78,0.462,10,0.500,0.494,0.544,4.200,4.700,1.900,0.190,0.520,0.520,120.400,101.100),('Paul George',2019,'Okc',29,77,36.900,76.900,29.500,10.000,539,0.840,856,0.485,757,0.386,0.529,0.583,28.000,8.100,4.100,2.210,0.440,2.660,116.500,100.800),('Paul Millsap',2019,'Den',34,70,27.100,56.400,19.600,10.900,249,0.727,507,0.521,159,0.365,0.527,0.569,12.600,7.200,2.000,1.170,0.770,1.360,116.300,100.200),('PJ Dozier',2019,'Bos',22,6,8.500,17.600,18.600,0.000,2,0.500,13,0.462,8,0.250,0.429,0.434,3.200,2.800,0.800,0.330,0.000,0.000,112.800,105.600),('PJ Tucker',2019,'Hou',34,82,34.200,71.200,9.500,10.300,59,0.695,137,0.445,387,0.377,0.534,0.546,7.300,5.800,1.200,1.620,0.450,0.770,114.900,104.400),('Quincy Acy',2019,'Pho',29,10,12.300,25.600,9.200,15.200,10,0.700,3,0.667,15,0.133,0.278,0.379,1.700,2.500,0.800,0.100,0.400,0.400,87.100,98.500),('Quincy Pondexter',2019,'San',31,53,5.500,11.500,13.500,14.500,42,0.810,40,0.575,18,0.333,0.552,0.641,1.800,0.900,0.500,0.210,0.020,0.250,123.500,104.800),('Quinn Cook',2019,'Gol',26,74,14.300,29.800,20.200,10.000,26,0.769,239,0.515,200,0.405,0.557,0.565,6.900,2.100,1.500,0.270,0.040,0.680,110.100,106.200),('Rajon Rondo',2019,'Lal',33,46,29.800,62.000,17.400,22.100,36,0.639,290,0.428,142,0.359,0.464,0.473,9.200,5.300,8.000,1.200,0.150,2.760,100.500,105.200),('Raul Neto',2019,'Uta',27,37,12.800,26.700,19.000,16.600,33,0.848,101,0.535,60,0.333,0.522,0.558,5.300,1.700,2.500,0.380,0.110,0.950,111.200,99.100),('Rawle Alkins',2019,'Chi',21,10,12.000,25.100,19.000,15.300,12,0.667,27,0.370,12,0.250,0.372,0.418,3.700,2.600,1.300,0.100,0.000,0.800,93.400,112.500),('Ray Spalding',2019,'Pho',22,13,11.300,23.500,17.900,14.700,12,0.333,44,0.568,3,0.000,0.532,0.516,4.200,3.700,0.400,0.690,0.620,0.690,99.900,98.200),('Raymond Felton',2019,'Okc',35,33,11.500,24.000,16.600,9.000,13,0.923,74,0.473,61,0.328,0.481,0.505,4.300,1.000,1.600,0.300,0.180,0.420,109.700,105.300),('Reggie Bullock',2019,'Det',28,44,30.800,64.100,16.700,10.300,64,0.875,147,0.463,294,0.388,0.542,0.569,12.100,2.800,2.500,0.550,0.110,1.230,113.000,108.700),('Reggie Bullock',2019,'Lal',28,19,27.600,57.500,13.700,6.300,21,0.810,54,0.537,99,0.343,0.523,0.545,9.300,2.600,1.100,0.840,0.370,0.580,107.600,109.100),('Reggie Jackson',2019,'Det',29,82,27.900,58.200,24.500,11.400,236,0.864,576,0.464,471,0.369,0.504,0.547,15.400,2.600,4.200,0.660,0.110,1.800,111.500,104.800),('Richaun Holmes',2019,'Pho',25,70,16.900,35.200,17.900,10.500,175,0.731,365,0.608,0,0.000,0.608,0.647,8.200,4.700,0.900,0.600,1.130,0.740,127.700,100.200),('Ricky Rubio',2019,'Uta',28,68,27.900,58.200,22.700,17.800,228,0.855,476,0.454,254,0.311,0.458,0.520,12.700,3.600,6.100,1.350,0.150,2.650,105.100,99.000),('RJ Hunter',2019,'Bos',25,1,25.700,53.500,23.300,0.000,2,0.500,3,0.667,10,0.400,0.615,0.612,17.000,3.000,3.000,1.000,0.000,0.000,131.300,101.200),('Robert Covington',2019,'Min',28,22,34.700,72.200,16.500,8.400,66,0.773,97,0.526,148,0.372,0.545,0.580,14.500,5.700,1.500,2.270,1.050,1.140,114.700,103.300),('Robert Covington',2019,'Phi',28,13,33.800,70.500,14.200,14.800,23,0.739,40,0.500,77,0.390,0.556,0.578,11.300,5.200,1.100,1.850,1.770,1.690,102.300,101.200),('Robert Williams III',2019,'Bos',21,31,9.100,19.000,10.300,14.800,15,0.600,51,0.706,0,0.000,0.706,0.703,2.600,2.600,0.200,0.290,1.290,0.320,133.500,96.700),('Robin Lopez',2019,'Chi',31,74,21.700,45.200,18.600,14.000,123,0.724,504,0.589,31,0.226,0.575,0.598,9.500,3.900,1.200,0.150,1.050,1.300,113.800,111.300),('Rodions Kurucs',2019,'Bro',21,63,20.500,42.800,18.400,13.600,92,0.783,265,0.543,184,0.315,0.514,0.545,8.500,3.900,0.800,0.670,0.430,1.220,102.500,100.600),('Rodney Hood',2019,'Cle',26,45,27.400,57.100,19.100,6.700,114,0.912,302,0.460,152,0.362,0.488,0.542,12.200,2.500,2.000,0.840,0.110,0.800,113.300,112.600),('Rodney Hood',2019,'Por',26,27,24.400,50.800,16.300,7.500,41,0.805,133,0.519,84,0.345,0.518,0.549,9.600,1.600,1.300,0.810,0.220,0.700,111.800,108.600),('Rodney McGruder',2019,'Mia',28,66,23.500,48.900,15.400,11.500,72,0.722,236,0.453,227,0.348,0.487,0.508,7.600,3.600,1.700,0.530,0.200,0.970,104.100,105.100),('Ron Baker',2019,'Nyk',26,11,9.700,20.200,8.700,13.900,6,0.833,7,0.429,9,0.111,0.281,0.376,1.300,0.700,1.200,0.360,0.000,0.270,94.700,102.600),('Ron Baker',2019,'Was',26,4,11.400,23.600,5.600,33.300,0,0.000,0,0.000,4,0.000,0.000,0.000,0.000,1.000,0.500,0.250,0.250,0.500,20.200,115.000),('Rondae Hollis-Jefferson',2019,'Bro',24,59,20.900,43.600,21.600,10.700,183,0.645,438,0.436,49,0.184,0.420,0.464,8.900,5.300,1.600,0.750,0.460,1.150,98.800,102.100),('Royce O\'Neale',2019,'Uta',26,82,20.400,42.500,11.000,16.200,42,0.762,167,0.569,176,0.386,0.574,0.589,5.200,3.500,1.500,0.660,0.300,0.850,108.700,98.100),('Rudy Gay',2019,'San',33,69,26.700,55.600,22.100,12.200,147,0.816,562,0.537,184,0.402,0.554,0.583,13.700,6.800,2.600,0.780,0.490,1.640,111.500,102.600),('Rudy Gobert',2019,'Uta',27,81,31.800,66.300,17.800,12.100,522,0.636,712,0.669,0,0.000,0.669,0.682,15.900,12.800,2.000,0.810,2.300,1.600,133.800,96.700),('Russell Westbrook',2019,'Okc',30,73,36.000,75.000,30.900,16.200,450,0.658,1062,0.481,411,0.290,0.468,0.501,22.900,11.100,10.700,1.950,0.450,4.440,105.200,97.200),('Ryan Anderson',2019,'Mia',31,10,4.400,9.100,11.700,16.800,2,0.500,3,0.000,6,0.333,0.333,0.354,0.700,0.900,0.200,0.100,0.000,0.200,86.600,108.300),('Ryan Anderson',2019,'Pho',31,15,18.500,38.600,12.100,15.400,14,0.786,26,0.462,34,0.206,0.375,0.423,3.700,3.000,1.100,0.200,0.070,0.800,91.800,112.900),('Ryan Arcidiacono',2019,'Chi',25,81,24.200,50.400,11.700,11.800,102,0.873,201,0.527,218,0.372,0.543,0.586,6.700,2.700,3.300,0.800,0.060,0.770,121.300,108.400),('Ryan Broekhoff',2019,'Dal',29,42,10.800,22.500,14.300,10.600,19,0.789,33,0.576,94,0.404,0.598,0.617,4.000,1.500,0.500,0.140,0.100,0.380,115.800,106.700),('Salah Mejri',2019,'Dal',33,36,11.100,23.100,15.800,14.300,32,0.625,78,0.564,34,0.324,0.540,0.559,3.900,3.600,1.000,0.280,0.750,0.580,114.700,96.300),('Sam Dekker',2019,'Cle',25,9,18.800,39.200,14.800,8.700,10,0.800,35,0.486,13,0.385,0.510,0.544,6.300,3.700,1.000,1.220,0.000,0.560,114.100,109.200),('Sam Dekker',2019,'Was',25,38,16.300,33.900,16.600,7.800,36,0.556,159,0.528,49,0.286,0.505,0.514,6.100,3.000,1.000,0.740,0.180,0.500,108.700,111.800),('Scott Machado',2019,'Lal',29,4,4.800,10.000,13.900,0.000,1,1.000,5,0.600,1,1.000,0.750,0.776,2.500,0.000,0.800,0.250,0.000,0.000,165.400,105.600),('Semi Ojeleye',2019,'Bos',24,56,10.600,22.100,14.100,9.800,39,0.615,69,0.565,89,0.315,0.513,0.531,3.300,1.500,0.400,0.180,0.070,0.340,106.300,106.700),('Serge Ibaka',2019,'Tor',30,74,27.200,56.600,22.800,10.600,177,0.763,708,0.586,169,0.290,0.557,0.582,15.000,8.100,1.300,0.390,1.380,1.530,113.300,98.700),('Seth Curry',2019,'Por',29,74,18.900,39.400,16.600,11.100,52,0.846,214,0.463,251,0.450,0.577,0.595,7.900,1.600,0.900,0.470,0.160,0.820,113.300,108.700),('Shabazz Napier',2019,'Bro',28,56,17.600,36.600,24.000,11.700,138,0.833,207,0.449,228,0.333,0.476,0.534,9.400,1.800,2.600,0.750,0.290,1.180,108.800,106.400),('Shai Gilgeous-Alexander',2019,'Lac',21,82,26.500,55.200,18.300,15.000,195,0.800,577,0.503,139,0.367,0.512,0.554,10.800,2.800,3.300,1.180,0.550,1.720,107.900,107.300),('Shake Milton',2019,'Phi',23,20,13.400,27.900,15.000,6.200,7,0.714,43,0.465,44,0.318,0.471,0.483,4.400,1.700,0.900,0.400,0.400,0.300,104.300,103.100),('Shaquille Harrison',2019,'Chi',26,73,19.600,40.800,16.500,11.100,123,0.667,337,0.475,89,0.270,0.460,0.494,6.500,3.000,1.900,1.220,0.410,0.820,101.300,105.700),('Shaun Livingston',2019,'Gol',34,64,15.100,31.500,12.000,14.100,51,0.784,208,0.524,2,0.000,0.519,0.555,4.000,1.800,1.800,0.480,0.420,0.590,118.200,107.900),('Shelvin Mack',2019,'Cha',29,4,10.600,22.000,22.400,18.200,9,0.556,12,0.167,2,0.000,0.143,0.251,2.300,0.500,0.300,0.500,0.000,1.000,47.300,109.500),('Shelvin Mack',2019,'Mem',29,53,22.700,47.300,18.000,12.800,75,0.707,261,0.441,128,0.359,0.473,0.499,7.900,1.900,3.400,0.830,0.080,1.170,102.800,107.600),('Sindarius Thornwell',2019,'Lac',24,64,4.900,10.200,11.300,23.800,34,0.735,34,0.412,15,0.200,0.378,0.485,1.000,0.700,0.300,0.220,0.110,0.310,87.900,100.800),('Skal Labissiere',2019,'Por',23,9,7.000,14.600,17.100,15.600,6,0.500,17,0.647,2,1.000,0.737,0.716,3.400,2.100,0.600,0.330,0.330,0.440,129.000,96.900),('Skal Labissiere',2019,'Sac',23,13,8.700,18.200,15.300,16.700,11,0.545,19,0.474,11,0.364,0.500,0.517,2.800,1.800,0.500,0.150,0.230,0.540,96.000,95.700),('Solomon Hill',2019,'Nor',28,44,20.000,41.600,10.400,13.900,32,0.719,77,0.468,101,0.317,0.472,0.497,4.300,3.000,1.300,0.520,0.230,0.700,103.500,108.000),('Spencer Dinwiddie',2019,'Bro',26,68,28.100,58.600,24.900,13.300,356,0.806,458,0.528,370,0.335,0.517,0.580,16.800,2.400,4.600,0.590,0.250,2.220,114.200,104.900),('Stanley Johnson',2019,'Det',23,48,20.000,41.700,19.100,12.900,51,0.804,168,0.488,181,0.282,0.454,0.482,7.500,3.600,1.300,1.000,0.270,1.150,95.000,100.400),('Stanley Johnson',2019,'Nor',23,18,13.700,28.600,20.400,21.200,13,0.692,57,0.474,34,0.324,0.478,0.496,5.300,2.300,1.600,0.670,0.060,1.440,90.400,106.400),('Stephen Curry',2019,'Gol',31,69,33.800,70.400,30.400,11.600,287,0.916,530,0.525,810,0.437,0.604,0.641,27.300,5.300,5.200,1.330,0.380,2.780,119.900,106.300),('Sterling Brown',2019,'Mil',24,58,17.800,37.200,15.200,12.000,42,0.690,165,0.558,147,0.361,0.550,0.563,6.400,3.200,1.400,0.430,0.140,0.780,109.600,100.400),('Steven Adams',2019,'Okc',26,80,33.400,69.500,16.400,12.800,292,0.500,807,0.596,2,0.000,0.595,0.591,13.900,9.500,1.600,1.490,0.960,1.730,119.900,102.700),('Svi Mykhailiuk',2019,'Det',22,3,6.600,13.800,19.600,11.100,0,0.000,4,0.000,4,0.500,0.375,0.375,2.000,0.700,1.300,0.330,0.000,0.330,96.300,113.600),('Svi Mykhailiuk',2019,'Lal',22,39,10.800,22.500,15.800,12.500,20,0.600,46,0.370,85,0.318,0.439,0.454,3.300,0.800,0.800,0.330,0.030,0.510,91.900,109.800),('T.J. McConnell',2019,'Phi',27,76,19.300,40.300,15.000,17.300,37,0.784,377,0.546,43,0.326,0.540,0.554,6.400,2.300,3.400,1.040,0.210,1.200,110.300,105.400),('T.J. Warren',2019,'Pho',26,43,31.600,65.900,22.700,7.200,124,0.815,431,0.510,180,0.428,0.549,0.580,18.000,4.000,1.500,1.190,0.670,1.210,111.400,111.100),('Tahjere McCall',2019,'Bro',25,1,8.000,16.700,18.100,0.000,1,0.000,2,1.000,1,0.000,0.667,0.581,4.000,1.000,0.000,0.000,0.000,0.000,107.800,88.800),('Taj Gibson',2019,'Min',34,70,24.100,50.200,17.100,10.600,177,0.757,503,0.583,34,0.324,0.576,0.612,10.800,6.500,1.200,0.760,0.560,1.040,123.500,103.900),('Taurean Prince',2019,'Atl',25,55,28.200,58.800,19.500,13.400,116,0.819,279,0.498,315,0.390,0.545,0.575,13.500,3.600,2.100,0.960,0.350,1.820,106.500,109.500),('Terrance Ferguson',2019,'Okc',21,74,26.100,54.400,10.600,9.600,51,0.725,141,0.560,290,0.366,0.552,0.566,6.900,1.900,1.000,0.540,0.220,0.650,111.900,101.800),('Terrence Ross',2019,'Orl',28,81,26.500,55.300,23.900,7.500,144,0.875,461,0.484,566,0.383,0.534,0.561,15.100,3.500,1.700,0.890,0.360,1.100,108.100,106.300),('Terry Rozier',2019,'Bos',25,79,22.700,47.200,18.600,8.900,93,0.785,328,0.424,337,0.353,0.477,0.501,9.000,3.900,2.900,0.860,0.250,0.870,106.300,105.700),('Thabo Sefolosha',2019,'Uta',35,50,12.200,25.400,12.900,13.600,22,0.636,71,0.521,78,0.436,0.591,0.599,3.800,2.500,0.500,0.860,0.100,0.500,107.300,98.600),('Thaddeus Young',2019,'Ind',31,81,30.700,64.000,18.000,12.000,135,0.644,696,0.563,146,0.349,0.556,0.568,12.600,6.400,2.500,1.520,0.470,1.520,113.600,101.600),('Theo Pinson',2019,'Bro',23,18,11.700,24.500,20.000,17.900,22,0.864,27,0.481,46,0.261,0.425,0.490,4.500,2.000,1.200,0.330,0.000,1.000,93.900,105.100),('Thomas Bryant',2019,'Was',22,72,20.800,43.300,17.700,9.600,137,0.781,404,0.683,99,0.333,0.647,0.673,10.500,6.300,1.300,0.350,0.930,0.830,130.500,106.900),('Thon Maker',2019,'Det',22,29,19.400,40.500,13.700,13.400,47,0.766,59,0.458,75,0.307,0.459,0.514,5.500,3.700,0.900,0.380,1.140,0.830,104.300,103.300),('Thon Maker',2019,'Mil',22,35,11.700,24.400,16.300,5.700,37,0.541,56,0.589,78,0.333,0.537,0.546,4.700,2.700,0.500,0.290,0.510,0.260,112.500,94.100),('Tim Frazier',2019,'Mil',28,12,17.600,36.600,17.400,18.200,13,0.692,42,0.429,24,0.417,0.500,0.523,6.300,2.600,3.500,0.420,0.080,1.330,109.200,101.100),('Tim Frazier',2019,'Nor',28,47,19.300,40.300,12.300,21.700,41,0.780,118,0.517,77,0.351,0.521,0.552,5.000,2.900,4.400,0.530,0.090,1.260,115.900,106.700),('Tim Hardaway Jr.',2019,'Dal',27,19,29.300,61.100,23.900,7.700,43,0.767,127,0.496,140,0.321,0.489,0.514,15.500,3.200,1.900,0.580,0.110,1.260,101.800,108.500),('Tim Hardaway Jr.',2019,'Nyk',27,46,32.600,67.900,25.900,8.900,233,0.854,389,0.424,337,0.347,0.469,0.531,19.100,3.500,2.700,0.910,0.130,1.760,106.500,111.100),('Timothe Luwawu-Cabarrot',2019,'Chi',24,29,18.800,39.300,16.500,7.800,35,0.771,81,0.469,94,0.330,0.483,0.515,6.800,2.700,0.800,0.520,0.240,0.550,101.400,105.500),('Timothe Luwawu-Cabarrot',2019,'Okc',24,21,5.800,12.200,16.500,8.100,6,0.667,21,0.381,22,0.227,0.360,0.383,1.700,0.900,0.200,0.190,0.050,0.190,83.900,100.200),('TJ Leaf',2019,'Ind',22,58,9.000,18.700,17.500,5.800,31,0.613,152,0.599,31,0.258,0.563,0.572,3.900,2.200,0.400,0.170,0.330,0.210,119.700,103.800),('Tobias Harris',2019,'Lac',27,55,34.600,72.100,23.500,10.300,219,0.877,596,0.523,258,0.434,0.562,0.606,20.900,7.800,2.700,0.730,0.440,1.980,114.800,106.700),('Tobias Harris',2019,'Phi',27,27,35.000,72.900,21.300,8.800,88,0.841,264,0.542,135,0.326,0.524,0.562,18.200,7.900,2.900,0.410,0.480,1.560,112.500,106.300),('Tomas Satoransky',2019,'Was',27,80,27.000,56.300,14.100,16.600,160,0.819,368,0.524,163,0.393,0.544,0.589,8.900,3.500,5.000,1.040,0.180,1.500,120.700,110.300),('Tony Bradley',2019,'Uta',21,3,12.000,24.900,23.700,15.100,2,0.500,16,0.500,0,0.000,0.500,0.504,5.700,5.000,0.300,0.670,0.670,1.000,106.500,89.600),('Tony Parker',2019,'Cha',37,56,17.900,37.300,25.500,12.700,124,0.734,412,0.485,51,0.255,0.474,0.512,9.500,1.500,3.700,0.380,0.130,1.340,105.800,112.500),('Tony Snell',2019,'Mil',27,74,17.600,36.700,12.900,5.700,42,0.881,157,0.522,204,0.397,0.564,0.585,6.000,2.100,0.900,0.350,0.240,0.310,119.100,103.600),('Torrey Craig',2019,'Den',28,75,20.000,41.800,12.400,9.900,70,0.700,174,0.569,188,0.324,0.526,0.547,5.700,3.500,1.000,0.490,0.610,0.570,114.600,101.100),('Trae Young',2019,'Atl',21,81,30.900,64.400,28.400,17.600,414,0.829,775,0.476,482,0.324,0.480,0.538,19.100,3.700,8.100,0.860,0.190,3.800,107.500,114.200),('Treveon Graham',2019,'Bro',25,35,20.400,42.600,12.800,7.800,22,0.818,63,0.413,128,0.297,0.435,0.458,5.300,3.000,1.000,0.370,0.200,0.490,99.600,104.100),('Trevor Ariza',2019,'Pho',34,26,34.000,70.800,13.800,13.700,43,0.837,88,0.409,139,0.360,0.489,0.525,9.900,5.600,3.300,1.460,0.310,1.500,104.500,113.700),('Trevor Ariza',2019,'Was',34,43,34.100,71.000,18.200,10.500,121,0.777,214,0.528,295,0.322,0.502,0.538,14.100,5.200,3.800,1.230,0.300,1.530,109.000,111.500),('Trey Burke',2019,'Dal',26,25,17.400,36.300,23.000,8.600,49,0.837,117,0.530,74,0.351,0.529,0.572,9.700,1.500,2.600,0.480,0.080,0.800,118.900,109.800),('Trey Burke',2019,'Nyk',26,33,20.900,43.500,26.100,6.900,75,0.827,272,0.434,86,0.349,0.455,0.496,11.800,1.800,2.800,0.640,0.150,0.880,106.000,114.100),('Trey Lyles',2019,'Den',23,63,17.800,37.000,23.400,11.100,116,0.698,294,0.531,200,0.255,0.471,0.501,8.700,3.900,1.400,0.480,0.380,1.080,100.300,102.900),('Tristan Thompson',2019,'Cle',28,43,27.900,58.000,17.700,12.100,106,0.642,380,0.529,0,0.000,0.529,0.551,10.900,10.200,2.000,0.630,0.370,1.370,118.000,110.100),('Troy Brown Jr.',2019,'Was',20,52,14.000,29.200,16.500,10.500,47,0.681,165,0.455,69,0.319,0.462,0.487,4.800,2.800,1.500,0.400,0.100,0.580,105.000,109.400),('Troy Daniels',2019,'Pho',28,51,14.900,31.000,17.600,8.700,23,0.783,81,0.481,194,0.381,0.545,0.558,6.200,1.400,0.500,0.510,0.100,0.530,104.600,110.300),('Troy Williams',2019,'Sac',24,21,14.900,31.000,15.000,7.900,15,0.600,54,0.556,44,0.318,0.520,0.531,5.300,2.800,0.500,0.480,0.380,0.430,106.500,102.700),('Tyler Dorsey',2019,'Atl',23,27,9.300,19.300,17.900,9.100,26,0.615,50,0.440,39,0.256,0.416,0.448,3.300,1.600,0.600,0.260,0.040,0.370,95.700,110.500),('Tyler Dorsey',2019,'Mem',23,21,21.300,44.400,20.700,8.200,35,0.629,82,0.500,93,0.366,0.526,0.541,9.800,3.300,1.900,0.380,0.050,0.810,108.700,106.700),('Tyler Johnson',2019,'Mia',27,44,25.500,53.200,19.200,12.500,88,0.693,197,0.503,204,0.353,0.516,0.540,10.800,2.700,2.500,0.910,0.480,1.430,105.600,106.200),('Tyler Johnson',2019,'Pho',27,13,31.200,65.000,16.500,9.000,39,0.872,69,0.406,56,0.321,0.440,0.506,11.100,4.000,4.200,1.080,0.460,1.080,112.000,114.600),('Tyler Zeller',2019,'Atl',29,2,5.400,11.100,7.600,0.000,0,0.000,1,0.000,1,0.000,0.000,0.000,0.000,3.000,0.500,0.000,0.000,0.000,82.400,74.100),('Tyler Zeller',2019,'Mem',29,4,20.600,42.800,21.700,10.000,18,0.778,28,0.571,0,0.000,0.571,0.640,11.500,4.500,0.800,0.250,0.750,1.000,126.800,93.400),('Tyreke Evans',2019,'Ind',30,69,20.300,42.300,26.500,14.000,160,0.719,444,0.405,216,0.356,0.448,0.483,10.200,2.900,2.400,0.830,0.280,1.720,93.900,101.800),('Tyrone Wallace',2019,'Lac',25,62,10.100,21.100,18.700,12.900,57,0.526,198,0.444,19,0.211,0.433,0.450,3.500,1.600,0.700,0.340,0.110,0.580,89.700,101.200),('Tyson Chandler',2019,'Lal',37,48,16.400,34.100,8.000,23.000,69,0.594,86,0.616,1,0.000,0.609,0.626,3.100,5.600,0.600,0.400,0.500,0.730,122.700,99.500),('Tyson Chandler',2019,'Pho',37,7,12.700,26.500,13.000,26.000,18,0.556,12,0.667,0,0.000,0.667,0.653,3.700,5.600,0.900,0.290,0.140,1.000,112.300,87.500),('Tyus Jones',2019,'Min',23,68,22.900,47.800,14.100,9.000,69,0.841,320,0.453,126,0.317,0.460,0.491,6.900,2.000,4.800,1.190,0.070,0.690,116.400,112.200),('Udonis Haslem',2019,'Mia',39,10,7.500,15.500,21.700,7.900,4,0.750,21,0.524,12,0.000,0.333,0.360,2.500,2.700,0.200,0.000,0.000,0.300,77.300,95.100),('Victor Oladipo',2019,'Ind',27,36,31.900,66.400,27.900,11.200,141,0.730,372,0.470,216,0.343,0.486,0.519,18.800,5.600,5.200,1.670,0.310,2.280,104.100,102.300),('Vince Carter',2019,'Atl',42,76,17.500,36.500,16.700,8.800,66,0.712,152,0.480,316,0.389,0.550,0.565,7.400,2.600,1.100,0.580,0.360,0.630,111.700,107.700),('Vincent Edwards',2019,'Hou',23,2,7.900,16.400,11.100,0.000,0,0.000,0,0.000,4,0.250,0.375,0.375,1.500,1.000,0.000,0.000,0.000,0.000,95.600,118.800),('Wade Baldwin IV',2019,'Por',23,16,5.900,12.200,23.400,27.000,11,0.727,24,0.333,9,0.222,0.333,0.396,1.900,0.900,0.800,0.060,0.130,0.880,73.600,102.400),('Walter Lemon Jr.',2019,'Chi',28,6,27.900,58.100,26.600,9.800,11,0.727,82,0.439,5,0.400,0.448,0.468,14.300,4.500,5.000,1.830,0.170,1.670,98.800,105.700),('Wayne Ellington',2019,'Det',31,28,27.300,56.900,17.700,8.300,33,0.758,56,0.607,217,0.373,0.570,0.584,12.000,2.100,1.500,1.070,0.110,0.930,113.900,106.400),('Wayne Ellington',2019,'Mia',31,25,21.300,44.400,16.500,6.800,16,0.875,29,0.414,155,0.368,0.530,0.547,8.400,1.900,1.200,0.960,0.120,0.560,110.300,104.800),('Wayne Selden',2019,'Chi',25,43,22.900,47.700,18.000,13.800,63,0.714,210,0.457,112,0.313,0.461,0.489,8.000,3.200,1.700,0.530,0.160,1.300,94.100,108.800),('Wayne Selden',2019,'Mem',25,32,14.200,29.600,19.300,11.700,29,0.759,98,0.459,63,0.317,0.466,0.495,5.400,1.300,1.100,0.310,0.190,0.720,98.100,104.400),('Wendell Carter Jr.',2019,'Chi',20,44,25.200,52.500,19.100,13.600,112,0.795,338,0.515,32,0.188,0.495,0.543,10.300,7.000,1.800,0.590,1.340,1.500,107.900,100.700),('Wes Iwundu',2019,'Orl',24,68,18.100,37.800,12.800,12.100,103,0.816,195,0.431,79,0.367,0.465,0.531,5.000,2.700,1.100,0.410,0.320,0.650,107.500,102.000),('Wesley Johnson',2019,'Nor',32,26,14.500,30.200,11.200,10.700,9,0.667,38,0.421,50,0.380,0.506,0.517,3.700,2.100,0.600,0.460,0.270,0.420,103.200,104.600),('Wesley Johnson',2019,'Was',32,12,13.100,27.200,13.600,11.900,10,0.700,14,0.286,26,0.231,0.325,0.372,2.800,1.500,0.600,0.170,0.420,0.500,77.500,107.600),('Wesley Matthews',2019,'Dal',32,44,29.800,62.100,18.900,10.100,110,0.791,206,0.456,263,0.380,0.520,0.556,13.100,2.300,2.300,0.770,0.250,1.320,109.000,107.500),('Wesley Matthews',2019,'Ind',32,23,31.500,65.700,15.800,11.800,48,0.854,81,0.407,130,0.369,0.498,0.541,10.900,2.800,2.400,0.870,0.170,1.350,105.900,104.800),('Wesley Matthews',2019,'Nyk',32,2,27.000,56.100,18.400,8.600,5,0.800,9,0.222,10,0.200,0.263,0.330,7.000,1.500,2.500,0.500,0.500,1.000,78.100,116.700),('Will Barton',2019,'Den',28,43,27.700,57.600,20.000,11.700,74,0.770,264,0.447,196,0.342,0.475,0.501,11.500,4.600,2.900,0.420,0.510,1.510,102.300,106.400),('Willie Cauley-Stein',2019,'Sac',26,81,27.300,56.900,17.500,9.000,254,0.551,739,0.556,2,0.500,0.557,0.566,11.900,8.400,2.400,1.190,0.630,1.040,118.500,101.700),('Willy Hernangomez',2019,'Cha',25,58,14.000,29.200,22.200,13.900,144,0.694,257,0.537,39,0.385,0.542,0.586,7.300,5.400,1.000,0.280,0.360,1.000,118.500,100.600),('Wilson Chandler',2019,'Lac',32,15,15.000,31.300,14.200,9.200,7,0.714,26,0.385,40,0.325,0.447,0.463,4.300,3.100,0.700,0.200,0.200,0.470,94.000,101.000),('Wilson Chandler',2019,'Phi',32,36,26.400,55.000,11.200,15.400,18,0.722,89,0.506,118,0.390,0.551,0.561,6.700,4.600,2.000,0.610,0.500,1.080,111.200,103.700),('Yante Maten',2019,'Mia',23,2,6.500,13.500,13.200,0.000,0,0.000,3,0.333,1,0.000,0.250,0.250,1.000,1.500,0.000,0.500,0.000,0.000,70.800,108.900),('Yogi Ferrell',2019,'Sac',26,71,15.000,31.300,16.200,9.300,67,0.896,202,0.490,149,0.362,0.513,0.552,5.900,1.500,1.900,0.510,0.060,0.550,114.900,110.700),('Yuta Watanabe',2019,'Mem',24,15,11.600,24.200,15.700,9.800,10,0.700,35,0.371,16,0.125,0.314,0.352,2.600,2.100,0.500,0.270,0.070,0.400,76.100,106.500),('Zach Collins',2019,'Por',21,77,17.600,36.700,16.600,14.300,126,0.746,279,0.534,121,0.331,0.523,0.562,6.600,4.200,0.900,0.320,0.860,0.990,112.200,100.200),('Zach LaVine',2019,'Chi',24,63,34.500,71.800,30.500,14.200,375,0.832,814,0.504,321,0.374,0.520,0.574,23.700,4.700,4.500,0.950,0.410,3.430,106.200,110.700),('Zaza Pachulia',2019,'Det',35,68,12.900,26.900,15.000,19.000,124,0.782,188,0.452,4,0.000,0.443,0.541,3.900,3.900,1.300,0.460,0.250,0.850,114.300,92.100),('Zhaire Smith',2019,'Phi',20,6,18.400,38.400,16.500,13.800,8,0.750,18,0.444,16,0.375,0.500,0.533,6.700,2.200,1.700,0.330,0.330,1.000,104.800,107.700);
/*!40000 ALTER TABLE `player_season` ENABLE KEYS */;
UNLOCK TABLES;

--
-- Table structure for table `season`
--

DROP TABLE IF EXISTS `season`;
/*!40101 SET @saved_cs_client     = @@character_set_client */;
 SET character_set_client = utf8mb4 ;
CREATE TABLE `season` (
  `season_id` year(4) NOT NULL,
  `MVP` varchar(64) DEFAULT NULL,
  `MIP` varchar(64) DEFAULT NULL,
  `6MOY` varchar(64) DEFAULT NULL,
  `DPOY` varchar(64) DEFAULT NULL,
  PRIMARY KEY (`season_id`),
  KEY `MVP` (`MVP`),
  KEY `MIP` (`MIP`),
  KEY `6MOY` (`6MOY`),
  KEY `DPOY` (`DPOY`),
  CONSTRAINT `season_ibfk_1` FOREIGN KEY (`MVP`) REFERENCES `player` (`PLAYER_NAME`) ON DELETE RESTRICT ON UPDATE RESTRICT,
  CONSTRAINT `season_ibfk_2` FOREIGN KEY (`MIP`) REFERENCES `player` (`PLAYER_NAME`) ON DELETE RESTRICT ON UPDATE RESTRICT,
  CONSTRAINT `season_ibfk_3` FOREIGN KEY (`6MOY`) REFERENCES `player` (`PLAYER_NAME`) ON DELETE RESTRICT ON UPDATE RESTRICT,
  CONSTRAINT `season_ibfk_4` FOREIGN KEY (`DPOY`) REFERENCES `player` (`PLAYER_NAME`) ON DELETE RESTRICT ON UPDATE RESTRICT
) ENGINE=InnoDB DEFAULT CHARSET=utf8mb4 COLLATE=utf8mb4_0900_ai_ci;
/*!40101 SET character_set_client = @saved_cs_client */;

--
-- Dumping data for table `season`
--

LOCK TABLES `season` WRITE;
/*!40000 ALTER TABLE `season` DISABLE KEYS */;
INSERT INTO `season` VALUES (2019,'Kawhi Leonard','Pascal Siakam','Lou Williams','Giannis Antetokounmpo');
/*!40000 ALTER TABLE `season` ENABLE KEYS */;
UNLOCK TABLES;

--
-- Table structure for table `team`
--

DROP TABLE IF EXISTS `team`;
/*!40101 SET @saved_cs_client     = @@character_set_client */;
 SET character_set_client = utf8mb4 ;
CREATE TABLE `team` (
  `TEAM_ID` varchar(3) NOT NULL,
  `TEAM_NAME` varchar(64) NOT NULL,
  PRIMARY KEY (`TEAM_ID`)
) ENGINE=InnoDB DEFAULT CHARSET=utf8mb4 COLLATE=utf8mb4_0900_ai_ci;
/*!40101 SET character_set_client = @saved_cs_client */;

--
-- Dumping data for table `team`
--

LOCK TABLES `team` WRITE;
/*!40000 ALTER TABLE `team` DISABLE KEYS */;
INSERT INTO `team` VALUES ('ATL','Atlanta Hawks'),('BOS','Boston Celtics'),('BRO','Brooklyn Nets'),('CHA','Charlotte Hornets'),('CHI','Chicago Bulls'),('CLE','Cleveland Cavaliers'),('DAL','Dallas Mavericks'),('DEN','Denver Nuggets'),('DET','Detroit Pistons'),('GOL','Golden State Warriors'),('HOU','Houston Rockets'),('IND','Indiana Pacers'),('LAC','Los Angeles Clippers'),('LAL','Los Angeles Lakers'),('MEM','Memphis Grizzlies'),('MIA','Miami Heat'),('MIL','Milwaukee Bucks'),('MIN','Minnesota Timberwolves'),('NOR','New Orleans Pelicans'),('NYK','New York Knicks'),('OKC','Oklahoma City Thunder'),('ORL','Orlando Magic'),('PHI','Philidelphia 76ers'),('PHO','Phoenix Suns'),('POR','Portland Trailblazers'),('SAC','Sacramento Kings'),('SAN','San Antonio Spurs'),('TOR','Toronto Raptors'),('UTA','Utah Jazz'),('WAS','Washington Wizards');
/*!40000 ALTER TABLE `team` ENABLE KEYS */;
UNLOCK TABLES;

--
-- Table structure for table `user_team`
--

DROP TABLE IF EXISTS `user_team`;
/*!40101 SET @saved_cs_client     = @@character_set_client */;
 SET character_set_client = utf8mb4 ;
CREATE TABLE `user_team` (
  `USERNAME` varchar(64) NOT NULL,
  `USER_PASSWORD` varchar(64) DEFAULT NULL,
  PRIMARY KEY (`USERNAME`)
) ENGINE=InnoDB DEFAULT CHARSET=utf8mb4 COLLATE=utf8mb4_0900_ai_ci;
/*!40101 SET character_set_client = @saved_cs_client */;

--
-- Dumping data for table `user_team`
--

LOCK TABLES `user_team` WRITE;
/*!40000 ALTER TABLE `user_team` DISABLE KEYS */;
INSERT INTO `user_team` VALUES ('nick','burn');
/*!40000 ALTER TABLE `user_team` ENABLE KEYS */;
UNLOCK TABLES;

--
-- Dumping routines for database 'nba_fantasy'
--
/*!50003 DROP PROCEDURE IF EXISTS `enroll` */;
/*!50003 SET @saved_cs_client      = @@character_set_client */ ;
/*!50003 SET @saved_cs_results     = @@character_set_results */ ;
/*!50003 SET @saved_col_connection = @@collation_connection */ ;
/*!50003 SET character_set_client  = utf8mb4 */ ;
/*!50003 SET character_set_results = utf8mb4 */ ;
/*!50003 SET collation_connection  = utf8mb4_0900_ai_ci */ ;
/*!50003 SET @saved_sql_mode       = @@sql_mode */ ;
/*!50003 SET sql_mode              = 'STRICT_TRANS_TABLES,NO_ENGINE_SUBSTITUTION' */ ;
DELIMITER ;;
CREATE DEFINER=`root`@`localhost` PROCEDURE `enroll`(IN username VARCHAR(64), player VARCHAR(64))
UPDATE player SET USER_TEAM = username

	WHERE player.PLAYER_NAME = player ;;
DELIMITER ;
/*!50003 SET sql_mode              = @saved_sql_mode */ ;
/*!50003 SET character_set_client  = @saved_cs_client */ ;
/*!50003 SET character_set_results = @saved_cs_results */ ;
/*!50003 SET collation_connection  = @saved_col_connection */ ;
/*!50003 DROP PROCEDURE IF EXISTS `getAllPlayers` */;
/*!50003 SET @saved_cs_client      = @@character_set_client */ ;
/*!50003 SET @saved_cs_results     = @@character_set_results */ ;
/*!50003 SET @saved_col_connection = @@collation_connection */ ;
/*!50003 SET character_set_client  = utf8mb4 */ ;
/*!50003 SET character_set_results = utf8mb4 */ ;
/*!50003 SET collation_connection  = utf8mb4_0900_ai_ci */ ;
/*!50003 SET @saved_sql_mode       = @@sql_mode */ ;
/*!50003 SET sql_mode              = 'STRICT_TRANS_TABLES,NO_ENGINE_SUBSTITUTION' */ ;
DELIMITER ;;
CREATE DEFINER=`root`@`localhost` PROCEDURE `getAllPlayers`()
SELECT PLAYER_ID, SEASON_ID, group_concat(team_id) AS TEAM_ID, MAX(age) as AGE, SUM(GAMES_PLAYED) AS GAMES_PLAYED, ROUND(AVG(MPG), 0) AS MPG, ROUND(AVG(MINUTES_PERCENTAGE), 0) AS MINUTES_PERCENTAGE, ROUND(AVG(USAGE_PERCENTAGE), 2) AS USAGE_PERCENTAGE,
	ROUND(AVG(TURNOVER_RATIO), 2) AS TURNOVER_RATIO, SUM(FTA) AS FTA, ROUND(AVG(FREETHROW_PERCENTAGE),3) AS FREETHROW_PERCENTAGE, SUM(2PA) AS 2PA, ROUND(AVG(2PT_PERCENTAGE), 3) AS 2PT_PERCENTAGE, SUM(3PA) as 3PA, 
    ROUND(AVG(3PT_PERCENTAGE), 3) as 3PT_PERCENTAGE, ROUND(AVG(EFG_PERCENTAGE), 3) as EFG_PERCENTAGE, ROUND(AVG(TRUE_SHOOTING_PERCENTAGE), 3) as TRUE_SHOOTING_PERCENTAGE, ROUND(AVG(PPG),1) AS PPG, ROUND(AVG(RPG),1) AS RPG, 
    ROUND(AVG(APG), 1) AS APG, ROUND(AVG(SPG),1) as SPG, ROUND(AVG(BPG),1) as BPG, ROUND(AVG(TOPG),1) as TOPG, ROUND(AVG(ORTG), 1) as ORTG, ROUND(AVG(DRTG),1) as DRTG
    FROM player_season 
	GROUP BY player_id, season_id ;;
DELIMITER ;
/*!50003 SET sql_mode              = @saved_sql_mode */ ;
/*!50003 SET character_set_client  = @saved_cs_client */ ;
/*!50003 SET character_set_results = @saved_cs_results */ ;
/*!50003 SET collation_connection  = @saved_col_connection */ ;
/*!50003 DROP PROCEDURE IF EXISTS `getTeam` */;
/*!50003 SET @saved_cs_client      = @@character_set_client */ ;
/*!50003 SET @saved_cs_results     = @@character_set_results */ ;
/*!50003 SET @saved_col_connection = @@collation_connection */ ;
/*!50003 SET character_set_client  = utf8mb4 */ ;
/*!50003 SET character_set_results = utf8mb4 */ ;
/*!50003 SET collation_connection  = utf8mb4_0900_ai_ci */ ;
/*!50003 SET @saved_sql_mode       = @@sql_mode */ ;
/*!50003 SET sql_mode              = 'STRICT_TRANS_TABLES,NO_ENGINE_SUBSTITUTION' */ ;
DELIMITER ;;
CREATE DEFINER=`root`@`localhost` PROCEDURE `getTeam`(IN username VARCHAR(64))
SELECT * FROM player p,
	(SELECT PLAYER_ID, SEASON_ID, group_concat(team_id) AS TEAM_ID, MAX(age) as AGE, SUM(GAMES_PLAYED) AS GAMES_PLAYED, ROUND(AVG(MPG), 0) AS MPG, ROUND(AVG(MINUTES_PERCENTAGE), 0) AS MINUTES_PERCENTAGE, ROUND(AVG(USAGE_PERCENTAGE), 2) AS USAGE_PERCENTAGE,
	ROUND(AVG(TURNOVER_RATIO), 2) AS TURNOVER_RATIO, SUM(FTA) AS FTA, ROUND(AVG(FREETHROW_PERCENTAGE),1) AS FREETHROW_PERCENTAGE, SUM(2PA) AS 2PA, ROUND(AVG(2PT_PERCENTAGE), 3) AS 2PT_PERCENTAGE, SUM(3PA) as 3PA, 
    ROUND(AVG(3PT_PERCENTAGE), 3) as 3PT_PERCENTAGE, ROUND(AVG(EFG_PERCENTAGE), 3) as EFG_PERCENTAGE, ROUND(AVG(TRUE_SHOOTING_PERCENTAGE), 3) as TRUE_SHOOTING_PERCENTAGE, ROUND(AVG(PPG),1) AS PPG, ROUND(AVG(RPG),1) AS RPG, 
    ROUND(AVG(APG), 1) AS APG, ROUND(AVG(SPG),1) as SPG, ROUND(AVG(BPG),1) as BPG, ROUND(AVG(TOPG),1) as TOPG, ROUND(AVG(ORTG), 1) as ORTG, ROUND(AVG(DRTG),1) as DRTG
    FROM player_season 
	GROUP BY player_id) as allplayers
	WHERE p.USER_TEAM = username AND p.PLAYER_NAME = allplayers.PLAYER_ID ;;
DELIMITER ;
/*!50003 SET sql_mode              = @saved_sql_mode */ ;
/*!50003 SET character_set_client  = @saved_cs_client */ ;
/*!50003 SET character_set_results = @saved_cs_results */ ;
/*!50003 SET collation_connection  = @saved_col_connection */ ;
/*!50003 DROP PROCEDURE IF EXISTS `getTeams` */;
/*!50003 SET @saved_cs_client      = @@character_set_client */ ;
/*!50003 SET @saved_cs_results     = @@character_set_results */ ;
/*!50003 SET @saved_col_connection = @@collation_connection */ ;
/*!50003 SET character_set_client  = utf8mb4 */ ;
/*!50003 SET character_set_results = utf8mb4 */ ;
/*!50003 SET collation_connection  = utf8mb4_0900_ai_ci */ ;
/*!50003 SET @saved_sql_mode       = @@sql_mode */ ;
/*!50003 SET sql_mode              = 'STRICT_TRANS_TABLES,NO_ENGINE_SUBSTITUTION' */ ;
DELIMITER ;;
CREATE DEFINER=`root`@`localhost` PROCEDURE `getTeams`()
SELECT 
	USER_TEAM as TEAM_NAME,
    ROUND(AVG(AGE), 1) as AGE, 
    SUM(FTA) as FTA, 
    ROUND(AVG(FREETHROW_PERCENTAGE), 3) as FREETHROW_PERCENTAGE,
    SUM(2PA) as 2PA,
	ROUND(AVG(2PT_PERCENTAGE), 3) as 2PT_PERCENTAGE,
    SUM(3PA) as 3PA,
    ROUND(AVG(3PT_PERCENTAGE), 3) as 3PT_PERCENTAGE,
	ROUND(AVG(EFG_PERCENTAGE), 3) as EFG_PERCENTAGE,
	ROUND(AVG(TRUE_SHOOTING_PERCENTAGE), 3) as TRUE_SHOOTING_PERCENTAGE,
    SUM(PPG) as PPG,
    SUM(RPG) as RPG,
    SUM(APG) as APG,
    SUM(SPG) as SPG,
    SUM(BPG) as BPG,
    SUM(TOPG) as TOPG
		FROM player p
        JOIN (
        SELECT PLAYER_ID, SEASON_ID, group_concat(team_id) AS TEAM_ID, MAX(age) as AGE, SUM(GAMES_PLAYED) AS GAMES_PLAYED, ROUND(AVG(MPG), 0) AS MPG, ROUND(AVG(MINUTES_PERCENTAGE), 0) AS MINUTES_PERCENTAGE, ROUND(AVG(USAGE_PERCENTAGE), 2) AS USAGE_PERCENTAGE,
	ROUND(AVG(TURNOVER_RATIO), 2) AS TURNOVER_RATIO, SUM(FTA) AS FTA, ROUND(AVG(FREETHROW_PERCENTAGE),3) AS FREETHROW_PERCENTAGE, SUM(2PA) AS 2PA, ROUND(AVG(2PT_PERCENTAGE), 3) AS 2PT_PERCENTAGE, SUM(3PA) as 3PA, 
    ROUND(AVG(3PT_PERCENTAGE), 3) as 3PT_PERCENTAGE, ROUND(AVG(EFG_PERCENTAGE), 3) as EFG_PERCENTAGE, ROUND(AVG(TRUE_SHOOTING_PERCENTAGE), 3) as TRUE_SHOOTING_PERCENTAGE, ROUND(AVG(PPG),1) AS PPG, ROUND(AVG(RPG),1) AS RPG, 
    ROUND(AVG(APG), 1) AS APG, ROUND(AVG(SPG),1) as SPG, ROUND(AVG(BPG),1) as BPG, ROUND(AVG(TOPG),1) as TOPG, ROUND(AVG(ORTG), 1) as ORTG, ROUND(AVG(DRTG),1) as DRTG
    FROM player_season 
	GROUP BY player_id
        ) as ps
        ON p.PLAYER_NAME = ps.PLAYER_id
        WHERE p.USER_TEAM IS NOT NULL
        GROUP BY p.USER_TEAM ;;
DELIMITER ;
/*!50003 SET sql_mode              = @saved_sql_mode */ ;
/*!50003 SET character_set_client  = @saved_cs_client */ ;
/*!50003 SET character_set_results = @saved_cs_results */ ;
/*!50003 SET collation_connection  = @saved_col_connection */ ;
/*!50003 DROP PROCEDURE IF EXISTS `new_user` */;
/*!50003 SET @saved_cs_client      = @@character_set_client */ ;
/*!50003 SET @saved_cs_results     = @@character_set_results */ ;
/*!50003 SET @saved_col_connection = @@collation_connection */ ;
/*!50003 SET character_set_client  = utf8mb4 */ ;
/*!50003 SET character_set_results = utf8mb4 */ ;
/*!50003 SET collation_connection  = utf8mb4_0900_ai_ci */ ;
/*!50003 SET @saved_sql_mode       = @@sql_mode */ ;
/*!50003 SET sql_mode              = 'STRICT_TRANS_TABLES,NO_ENGINE_SUBSTITUTION' */ ;
DELIMITER ;;
CREATE DEFINER=`root`@`localhost` PROCEDURE `new_user`(IN username VARCHAR(64), pass VARCHAR (64))
INSERT INTO user_team 

    VALUES (username, pass) ;;
DELIMITER ;
/*!50003 SET sql_mode              = @saved_sql_mode */ ;
/*!50003 SET character_set_client  = @saved_cs_client */ ;
/*!50003 SET character_set_results = @saved_cs_results */ ;
/*!50003 SET collation_connection  = @saved_col_connection */ ;
/*!50003 DROP PROCEDURE IF EXISTS `removeAllPlayers` */;
/*!50003 SET @saved_cs_client      = @@character_set_client */ ;
/*!50003 SET @saved_cs_results     = @@character_set_results */ ;
/*!50003 SET @saved_col_connection = @@collation_connection */ ;
/*!50003 SET character_set_client  = utf8mb4 */ ;
/*!50003 SET character_set_results = utf8mb4 */ ;
/*!50003 SET collation_connection  = utf8mb4_0900_ai_ci */ ;
/*!50003 SET @saved_sql_mode       = @@sql_mode */ ;
/*!50003 SET sql_mode              = 'STRICT_TRANS_TABLES,NO_ENGINE_SUBSTITUTION' */ ;
DELIMITER ;;
CREATE DEFINER=`root`@`localhost` PROCEDURE `removeAllPlayers`(IN username VARCHAR(64))
UPDATE player SET USER_TEAM = null
		WHERE USER_TEAM = username ;;
DELIMITER ;
/*!50003 SET sql_mode              = @saved_sql_mode */ ;
/*!50003 SET character_set_client  = @saved_cs_client */ ;
/*!50003 SET character_set_results = @saved_cs_results */ ;
/*!50003 SET collation_connection  = @saved_col_connection */ ;
/*!50003 DROP PROCEDURE IF EXISTS `removePlayer` */;
/*!50003 SET @saved_cs_client      = @@character_set_client */ ;
/*!50003 SET @saved_cs_results     = @@character_set_results */ ;
/*!50003 SET @saved_col_connection = @@collation_connection */ ;
/*!50003 SET character_set_client  = utf8mb4 */ ;
/*!50003 SET character_set_results = utf8mb4 */ ;
/*!50003 SET collation_connection  = utf8mb4_0900_ai_ci */ ;
/*!50003 SET @saved_sql_mode       = @@sql_mode */ ;
/*!50003 SET sql_mode              = 'STRICT_TRANS_TABLES,NO_ENGINE_SUBSTITUTION' */ ;
DELIMITER ;;
CREATE DEFINER=`root`@`localhost` PROCEDURE `removePlayer`(IN username VARCHAR(64), player VARCHAR(64))
UPDATE player SET USER_TEAM = null
		WHERE USER_TEAM = username AND PLAYER_NAME = player ;;
DELIMITER ;
/*!50003 SET sql_mode              = @saved_sql_mode */ ;
/*!50003 SET character_set_client  = @saved_cs_client */ ;
/*!50003 SET character_set_results = @saved_cs_results */ ;
/*!50003 SET collation_connection  = @saved_col_connection */ ;
/*!40103 SET TIME_ZONE=@OLD_TIME_ZONE */;

/*!40101 SET SQL_MODE=@OLD_SQL_MODE */;
/*!40014 SET FOREIGN_KEY_CHECKS=@OLD_FOREIGN_KEY_CHECKS */;
/*!40014 SET UNIQUE_CHECKS=@OLD_UNIQUE_CHECKS */;
/*!40101 SET CHARACTER_SET_CLIENT=@OLD_CHARACTER_SET_CLIENT */;
/*!40101 SET CHARACTER_SET_RESULTS=@OLD_CHARACTER_SET_RESULTS */;
/*!40101 SET COLLATION_CONNECTION=@OLD_COLLATION_CONNECTION */;
/*!40111 SET SQL_NOTES=@OLD_SQL_NOTES */;

-- Dump completed on 2019-06-20 19:02:54
